Names,Fe/H,distance,SpType,Age,OneTempT1,OneTempLumL1,TwoTempT1,TwoTempL1,TwoTempT2,TwoTempL2,TotalFracLum,Ref,Observatory
HD105,-0.45,38.83,G0V,30,48,1.90E-04,...,...,...,...,1.90E-04,1,Spitzer
HD166$^{r}$,0.08,13.77,G8,20,...,...,310,4.10E-05,72,4.10E-05,8.20E-05,1,Spitzer
HD203,-0.21,39.74,F3V,12,...,...,499,4.20E-06,127,1.00E-04,1.04E-04,1,Spitzer
HD377$^{r}$,-0.23,38.4,G2V,170,...,...,240,5.80E-05,57,2.00E-04,2.58E-04,1,Spitzer
HD432,...,16.78,F2III,1000,140,1.10E-04,...,...,...,...,1.10E-04,1,Spitzer
HD870,-0.08,20.65,K0V,5980,...,...,499,2.10E-05,54,1.50E-05,3.60E-05,1,Spitzer
HD1051A,-0.72,131.15,A7III,600,36,2.67E-04,...,...,...,...,2.67E-04," 7,61 ",IRAS
HD1237A$^{p}$,-0.47,17.55,G8V,11900,300,1.63E-04,...,...,...,...,1.63E-04," 11,19 ",WISE
HD1404,...,41.32,A2V,469,...,...,249,1.10E-05,115,6.40E-06,1.74E-05,1,Spitzer
HD1461$^{p}$,0.02,23.4,G3V,6880,...,...,499,3.20E-05,54,2.90E-05,6.10E-05,1,Spitzer
HD1466$^{p}$,-0.43,42.82,F8V,30,...,...,374,7.90E-05,97,5.20E-05,1.31E-04,1,Spitzer
HD1562,-0.61,24.73,G1V,6166,75,5.80E-05,...,...,...,...,5.80E-05," 11,23 ",WISE
HD1581,-0.35,8.61,F9.5V,3020,218,1.60E-05,...,...,...,...,1.60E-05,41,Spitzer
HD1835,-0.02,21.33,G2.5V,600,...,...,329,4.10E-05,75,6.70E-06,4.77E-05,1,Spitzer
HD2262,...,23.97,A5IV,200,100,5.90E-06,...,...,...,...,5.90E-06,1,Spitzer
HD2772,0.44,115.74,B8V,184,170,8.20E-06,...,...,...,...,8.20E-06,1,Spitzer
HD2834,...,54.14,A1V,525,...,...,222,7.10E-06,78,9.50E-06,1.66E-05,1,Spitzer
HD3003,-1.48,46.13,A0V,30,...,...,472,5.60E-05,173,8.80E-05,1.44E-04,1,Spitzer
HD3126,-0.54,40.35,F4V,1500,...,...,219,1.40E-05,51,6.30E-05,7.70E-05,1,Spitzer
HD3296,-0.82,44.84,F6V,1680,...,...,499,2.30E-05,60,1.30E-05,3.60E-05,1,Spitzer
HD3670,-0.33,77.07,F5V,30,...,...,307,6.10E-05,51,3.80E-04,4.41E-04,1,Spitzer
HD4142,...,224.57,B5V,55,...,...,487,1.30E-05,100,9.80E-05,1.11E-04,1,Spitzer
HD4676,-0.33,23.39,F8V,5129,300,1.38E-04,...,...,...,...,1.38E-04," 11,23 ",WISE
HD5133,-0.28,13.94,K2.5V,3640,30,1.10E-05,...,...,...,...,1.10E-05," 11,49 ",WISE
HD5267,...,76.78,A1V,200,...,...,414,3.20E-05,100,7.00E-06,3.90E-05,1,Spitzer
HD5349,...,59.01,K0IV,12306,347,2.70E-05,...,...,...,...,2.70E-05,1,Spitzer
HD6798,-1.06,81.33,A3V,365,...,...,240,3.50E-05,85,9.30E-05,1.28E-04,1,Spitzer
HD6963,-0.02,26.96,G7V,1000,...,...,377,3.90E-05,54,5.90E-05,9.80E-05,1,Spitzer
HD7570,-0.25,15.26,F9V,2800,...,...,359,1.30E-05,94,5.40E-06,1.84E-05,1,Spitzer
HD7590,-0.5,24.17,G0V,1820,51,1.20E-04,...,...,...,...,1.20E-04,1,Spitzer
HD8538,...,30.48,A5IV,600,105,6.17E-06,...,...,...,...,6.17E-06," 7,61 ",IRAS
HD8907,-0.64,33.4,F8,2600,...,...,57,6.00E-05,30,6.20E-05,1.22E-04,1,Spitzer
HD8997,-0.41,23.29,K2.5V,500,70,4.40E-05,...,...,...,...,4.40E-05,11,WISE
HD9672$^{gr}$,-0.91,57.23,A1V,40,...,...,179,7.40E-05,66,3.90E-04,4.64E-04,1,Spitzer
HD10008,-0.35,24.06,K0/1V,20,...,...,149,3.80E-05,54,2.90E-05,6.70E-05,1,Spitzer
HD10472,-0.52,71.32,F2IV/V,30,...,...,262,6.40E-05,60,2.00E-04,2.64E-04,1,Spitzer
HD10638,...,67.77,A3,100,...,...,387,2.10E-05,69,9.60E-05,1.17E-04,1,Spitzer
HD10647$^{pr}$,-0.5,17.35,F9V,1560,...,...,100,4.90E-05,42,1.90E-04,2.39E-04,1,Spitzer
HD10700$^{pr}$,...,3.65,G8V,10000,60,2.50E-05,...,...,...,...,2.50E-05,22,Spitzer
HD10939$^{r}$,-0.44,62.28,A1V,417,...,...,188,1.80E-05,57,4.80E-05,6.60E-05,1,Spitzer
HD11171,...,23.48,F0V,1280,73,6.70E-06,...,...,...,...,6.70E-06,25,Spitzer
HD11413,...,78.05,F0V,600,55,2.42E-05,...,...,...,...,2.42E-05,28,Herschel
HD12039,-0.52,41.31,G4V,30,...,...,426,9.90E-05,106,5.40E-05,1.53E-04,1,Spitzer
HD12467,-0.88,70.23,A1.5V,776,...,...,115,1.00E-05,48,5.00E-05,6.00E-05,1,Spitzer
HD12471,-0.7,109.83,A2V,600,...,...,499,1.10E-05,91,6.10E-06,1.71E-05,1,Spitzer
HD13161$^{r}$,...,38.9,A5III,832,...,...,353,1.40E-05,78,2.20E-05,3.60E-05,1,Spitzer
HD13246,-0.65,45.4,F7V,30,...,...,387,2.20E-04,130,7.70E-05,2.97E-04,1,Spitzer
HD14055$^{r}$,...,34.44,A1V,300,...,...,207,2.10E-05,60,4.60E-05,6.70E-05,1,Spitzer
HD14082B,-0.46,39.63,G2V,12,100,8.00E-04,...,...,...,...,8.00E-04,7,Spitzer
HD15060,-0.64,78.72,F5V,2420,51,1.60E-05,...,...,...,...,1.60E-05,1,Spitzer
HD15115$^{r}$,-0.43,48.77,F4IV,12,...,...,182,5.40E-05,54,3.30E-04,3.84E-04,1,Spitzer
HD15257,-0.43,48.99,F0III,1000,...,...,460,4.60E-05,84,4.00E-05,8.60E-05,1,Spitzer
HD15407,-0.24,49.34,F5V,149,500,6.00E-03,...,...,...,...,6.00E-03,3,WISE
HD15427,-1.24,47.7,A2.5V,677,...,...,298,1.50E-05,97,2.90E-05,4.40E-05,1,Spitzer
HD15745$^{r}$,-0.52,71.73,F0,12,...,...,115,1.10E-03,63,5.40E-04,1.64E-03,1,Spitzer
HD16628,...,79.07,A2/3V,519,...,...,203,8.00E-06,91,5.70E-06,1.37E-05,1,Spitzer
HD16743$^{r}$,-0.5,57.81,F0/2III/IV,200,...,...,155,5.80E-05,51,2.50E-04,3.08E-04,1,Spitzer
HD17094,...,25.77,A9III,1445,...,...,365,1.60E-05,51,3.00E-06,1.90E-05,1,Spitzer
HD17240,-3.69,50.21,A9V,1240,61,1.10E-05,...,...,...,...,1.10E-05,1,Spitzer
HD17390,-0.5,48.26,F3IV/V,610,...,...,353,2.60E-05,48,1.30E-04,1.56E-04,1,Spitzer
HD17573,...,50.79,B8V,70,271,1.70E-05,...,...,...,...,1.70E-05,1,Spitzer
HD17848$^{r}$,-0.48,51.92,A2V,100,...,...,353,1.20E-05,57,3.60E-05,4.80E-05,1,Spitzer
HD17925,-0.2,10.36,K1V,190,103,4.40E-05,...,...,...,...,4.40E-05,41,Spitzer
HD18978,...,27.06,A3IV/V,500,150,2.10E-05,...,...,...,...,2.10E-05,21,Spitzer
HD19356,...,27.57,B8V,300,138,7.79E-06,...,...,...,...,7.79E-06," 7,61 ",IRAS
HD19668,-0.02,38.72,G8,70,...,...,478,9.10E-05,78,5.90E-05,1.50E-04,1,Spitzer
HD19994$^{p}$,...,22.88,F8.5V,3550,168,3.50E-05,...,...,...,...,3.50E-05,41,Spitzer
HD20320,...,36.5,A4,800,...,...,149,3.60E-06,60,6.40E-06,1.00E-05,1,Spitzer
HD20631,-0.59,36.97,F3V,1500,...,...,252,2.80E-05,30,2.70E-06,3.07E-05,1,Spitzer
HD20759,-0.99,86.68,F5V,3120,500,3.00E-05,...,...,...,...,3.00E-05,1,Spitzer
HD20794$^{pr}$,0.02,6.04,G6V,6700,65,1.60E-06,...,...,...,...,1.60E-06," 49,65 ",Herschel
HD20807,-0.3,12.04,G1V,2000,119,9.60E-06,...,...,...,...,9.60E-06,1,Spitzer
HD21620$^{g}$,-1.02,133.13,A0V,80,93,2.51E-05,...,...,...,...,2.51E-05,30,Spitzer
HD21997$^{gr}$,...,69.69,A3IV/V,30,...,...,103,4.00E-05,54,3.20E-04,3.60E-04,1,Spitzer
HD22049$^{pr}$,0.13,3.22,K2V,730,53,7.52E-05,...,...,...,...,7.52E-05," 7,61 ",IRAS
HD22179,-0.48,70.3,G5IV,10,...,...,197,5.50E-05,60,1.80E-04,2.35E-04,1,Spitzer
HD22484,-0.36,13.92,F9IV/V,4200,100,8.70E-06,...,...,...,...,8.70E-06,1,Spitzer
HD23267,-1.24,146.51,A0,60,...,...,204,7.20E-05,97,2.60E-05,9.80E-05,1,Spitzer
HD23281,-1.08,42.08,A5III/IV,390,147,3.89E-05,...,...,...,...,3.89E-05,44,Herschel
HD23356,-0.43,13.94,K2V,2000,55,2.20E-05,...,...,...,...,2.20E-05," 10,25 ",Spitzer
HD23361,-0.2,134.04,A3V,115,...,...,414,1.50E-04,103,3.10E-04,4.60E-04,1,Spitzer
HD23430,...,134.91,A0,115,...,...,411,5.80E-05,121,7.30E-05,1.31E-04,1,Spitzer
HD23484$^{r}$,-0.34,16.17,K2V,6450,58,6.70E-05,...,...,...,...,6.70E-05,1,Spitzer
HD23514,-0.24,139.81,F5V,125,600,2.00E-02,...,...,...,...,2.00E-02,3,WISE
HD23585,-0.46,135.1,F0V,740,115,5.40E-05,...,...,...,...,5.40E-05,1,Spitzer
HD23632,-0.47,136.74,A1V,115,...,...,499,1.60E-05,94,1.70E-05,3.30E-05,1,Spitzer
HD23642,-0.7,138.31,A0V,115,...,...,499,8.10E-06,66,1.40E-05,2.21E-05,1,Spitzer
HD23763,0.76,144.94,A2V,115,...,...,499,1.30E-05,51,3.20E-05,4.50E-05,1,Spitzer
HD23863,-0.61,134.81,A7V,1230,293,6.70E-05,...,...,...,...,6.70E-05,1,Spitzer
HD24141,-0.06,53.87,A3,708,...,...,344,2.30E-05,124,1.30E-05,3.60E-05,1,Spitzer
HD24636,-0.7,57.11,F3IV/V,30,...,...,319,3.80E-05,103,8.00E-05,1.18E-04,1,Spitzer
HD24817,...,78.12,A0V,248,...,...,335,4.30E-05,130,1.30E-05,5.60E-05,1,Spitzer
HD24966,-1.45,113.25,A0V,364,...,...,356,1.00E-04,88,2.10E-04,3.10E-04,1,Spitzer
HD25457,-0.31,18.71,F7V,70,...,...,185,3.80E-05,63,5.40E-05,9.20E-05,1,Spitzer
HD25570,-0.5,35.19,F2V,600,...,...,350,1.20E-05,48,2.90E-05,4.10E-05,1,Spitzer
HD25998,-0.17,21.19,F8V,1890,88,1.90E-05,...,...,...,...,1.90E-05,1,Spitzer
HD27045,-0.28,28.51,A3,13,...,...,228,6.80E-06,69,3.80E-06,1.06E-05,1,Spitzer
HD27290$^{r}$,-0.41,20.43,F1V,45,...,...,469,4.30E-05,51,1.10E-05,5.40E-05,1,Spitzer
HD27346,-0.5,110.66,A9IV,1120,207,1.20E-05,...,...,...,...,1.20E-05,1,Spitzer
HD27638B,-0.47,78.71,F8V,200,36,3.10E-04,...,...,...,...,3.10E-04,1,Spitzer
HD27934,...,47.19,A7IV/V,600,311,5.50E-06,...,...,...,...,5.50E-06,1,Spitzer
HD28355$^{r}$,-0.42,48.27,A5,600,...,...,176,1.60E-05,69,3.10E-05,4.70E-05,1,Spitzer
HD28447,-0.08,40.33,G5V,7130,500,6.70E-05,...,...,...,...,6.70E-05,1,Spitzer
HD29365,0.03,127.03,B8V,200,54,1.89E-04,...,...,...,...,1.89E-04," 5,61 ",IRAS
HD30422$^{r}$,-0.74,57.13,A7V,13,...,...,164,1.30E-05,66,2.40E-05,3.70E-05,1,Spitzer
HD30447$^{r}$,-0.74,80.31,F3V,30,...,...,106,1.80E-04,57,5.10E-04,6.90E-04,1,Spitzer
HD30495,-0.19,13.24,G2.5IV/V,550,...,...,170,1.40E-05,63,2.60E-05,4.00E-05,1,Spitzer
HD30743,-0.96,36.25,F6V,1000,62,1.21E-04,...,...,...,...,1.21E-04," 5,61 ",IRAS
HD31295,...,35.66,A0V,123,...,...,365,1.70E-05,72,3.00E-05,4.70E-05,1,Spitzer
HD31392,-0.18,25.76,G9V,3690,...,...,252,3.70E-05,39,9.70E-05,1.34E-04,1,Spitzer
HD31647A,-1.43,49.41,A1V,232,482,4.40E-05,...,...,...,...,4.40E-05,1,Spitzer
HD32195,-0.28,62.47,F7V,30,...,...,246,6.10E-05,69,5.00E-05,1.11E-04,1,Spitzer
HD32297$^{gr}$,-0.66,129.73,A0V,11,...,...,292,5.60E-04,88,3.80E-03,4.36E-03,1,Spitzer
HD32301,-0.47,54.39,A7V,600,...,...,454,3.20E-05,127,1.10E-05,4.30E-05,1,Spitzer
HD32977,-0.76,62.03,A5IV,494,...,...,213,2.00E-05,109,8.60E-06,2.86E-05,1,Spitzer
HD33081,-0.78,53.39,F7V,2490,...,...,216,1.40E-05,45,2.70E-05,4.10E-05,1,Spitzer
HD33262,-0.59,11.69,F9V,3520,158,1.10E-05,...,...,...,...,1.10E-05,41,Spitzer
HD33636,-0.4,29.59,G0V,2520,...,...,499,3.80E-05,51,2.30E-05,6.10E-05,1,Spitzer
HD34324,-0.27,82.06,A3V,447,...,...,499,2.20E-05,130,6.70E-05,8.90E-05,1,Spitzer
HD34787,-0.73,107.61,A0V,330,...,...,499,3.10E-05,146,6.40E-06,3.74E-05,1,Spitzer
HD35114,-0.52,47.34,F6V,30,...,...,139,3.80E-05,66,1.60E-05,5.40E-05,1,Spitzer
HD35150,...,353.09,A0V,10,...,...,426,3.60E-04,139,1.70E-04,5.30E-04,1,Spitzer
HD35332,...,346.3,A0V,10,...,...,341,1.10E-04,118,2.10E-04,3.20E-04,1,Spitzer
HD35351,...,342.5,B9V,10,299,9.50E-05,...,...,...,...,9.50E-05,1,Spitzer
HD35367,-0.2,342.5,A1IV/V,10,...,...,448,1.40E-04,118,2.00E-04,3.40E-04,1,Spitzer
HD35625,...,338.95,A0V,10,...,...,423,8.10E-05,109,6.50E-05,1.46E-04,1,Spitzer
HD35650$^{r}$,0.15,17.46,K6V,200,60,1.75E-04,...,...,...,...,1.75E-04,54,Spitzer
HD35841$^{r}$,-0.25,103.07,F3V,30,...,...,81,3.40E-04,54,9.10E-04,1.25E-03,1,Spitzer
HD35850$^{p}$,-0.48,26.84,F8V,12,82,2.30E-05,...,...,...,...,2.30E-05,1,Spitzer
HD36162,-0.89,104.09,A3V,518,500,1.90E-05,...,...,...,...,1.90E-05,1,Spitzer
HD36394,-1.39,270.91,A0,5,360,8.20E-05,...,...,...,...,8.20E-05,1,Spitzer
HD36444,-1.45,415.08,B9V,5,...,...,109,5.90E-04,42,1.60E-03,2.19E-03,1,Spitzer
HD36546$^{gr}$,-1.18,100.18,B8,10,134,3.40E-03,...,...,...,...,3.40E-03,12,AKARI
HD36968,-0.53,148.56,F2V,20,...,...,106,1.00E-04,51,8.20E-04,9.20E-04,1,Spitzer
HD37286,-0.17,58.49,A2III/IV,30,...,...,451,5.50E-05,142,4.50E-05,1.00E-04,1,Spitzer
HD37306$^{g}$,-1.48,69.56,A1V,30,...,...,399,6.10E-05,94,5.50E-05,1.16E-04,1,Spitzer
HD37484,-0.49,58.84,F4V,30,...,...,194,6.90E-05,81,2.00E-04,2.69E-04,1,Spitzer
HD37524,...,357.45,B9V,3,189,4.70E-05,...,...,...,...,4.70E-05,1,Spitzer
HD37545,...,414.66,B9V,3,225,1.90E-04,...,...,...,...,1.90E-04,1,Spitzer
HD37564,...,402.75,A8V,3,...,...,499,5.90E-04,130,2.60E-04,8.50E-04,1,Spitzer
HD38056,-1.34,125.49,B9.5V,293,...,...,231,2.70E-05,81,2.50E-05,5.20E-05,1,Spitzer
HD38206$^{r}$,-0.16,70.69,A0V,30,...,...,329,7.00E-05,84,7.20E-05,1.42E-04,1,Spitzer
HD38207,-0.42,109.96,F2V,534,...,...,118,1.20E-04,54,6.00E-04,7.20E-04,1,Spitzer
HD38393,-0.69,8.91,F6V,1000,133,1.93E-05,...,...,...,...,1.93E-05," 7,61 ",IRAS
HD38397,-0.4,53.59,G0V,100,44,5.40E-04,...,...,...,...,5.40E-04,15,Herschel
HD38529$^{p}$,...,42.42,G8III/IV,1000,61,2.60E-05,...,...,...,...,2.60E-05,1,Spitzer
HD38678$^{r}$,-0.78,21.61,A2IV/V,12,...,...,368,1.70E-05,133,6.00E-05,7.70E-05,1,Spitzer
HD38858$^{pr}$,-0.53,15.21,G2V,3200,...,...,310,2.40E-05,51,4.60E-05,7.00E-05,1,Spitzer
HD38949,-0.4,44.54,G1V,2710,500,6.20E-05,...,...,...,...,6.20E-05,1,Spitzer
HD39060$^{pgr}$,-0.37,19.44,A6V,12,109,2.65E-03,...,...,...,...,2.65E-03," 7,61 ",IRAS
HD39091$^{p}$,-0.23,18.29,G0V,6040,43,1.51E-06,...,...,...,...,1.51E-06,49,Herschel
HD39833,-0.21,39.9,G3V,700,38,2.62E-03,...,...,...,...,2.62E-03," 5,61 ",IRAS
HD40136,0.08,14.96,F2V,1390,...,...,499,1.90E-05,127,7.40E-06,2.64E-05,1,Spitzer
HD40307$^{p}$,...,12.93,K2.5V,2600,29,3.80E-06,...,...,...,...,3.80E-06,35,Herschel
HD40540,-0.52,88.34,A8IV,170,...,...,390,3.90E-05,88,2.80E-04,3.19E-04,1,Spitzer
HD43319,-0.03,72.57,A3V,288,...,...,499,2.40E-05,121,7.00E-06,3.10E-05,1,Spitzer
HD43834,0.08,10.21,G7V,5500,22,9.70E-07,...,...,...,...,9.70E-07,47,Herschel
HD43989,-0.3,51.67,G0V,30,...,...,319,7.50E-05,66,3.00E-05,1.05E-04,1,Spitzer
HD45184$^{p}$,-0.31,21.89,G2V,4420,...,...,72,3.60E-05,33,2.00E-05,5.60E-05,1,Spitzer
HD46190,-0.93,83.74,A0V,5,...,...,417,1.20E-05,88,8.00E-06,2.00E-05,1,Spitzer
HD46273,...,51.44,F2V,1500,259,5.10E-06,...,...,...,...,5.10E-06,1,Spitzer
HD48189A,...,21.88,G0V,75,200,1.38E-05,...,...,...,...,1.38E-05,14,Spitzer
HD48682,-0.15,16.61,F9V,600,82,1.29E-04,...,...,...,...,1.29E-04," 7,61 ",IRAS
HD50554$^{p}$,-0.45,31.07,F8V,390,...,...,365,3.70E-05,54,2.60E-05,6.30E-05,1,Spitzer
HD50571$^{pr}$,0.08,33.93,F5V,300,...,...,402,1.40E-05,45,8.20E-05,9.60E-05,1,Spitzer
HD51199,-0.42,29.79,F1.5V,1400,...,...,240,5.00E-06,94,2.40E-06,7.40E-06,1,Spitzer
HD52265$^{p}$,-0.14,29.92,G0V,2400,...,...,499,1.40E-05,57,1.40E-05,2.80E-05,1,Spitzer
HD53143$^{r}$,0.11,18.34,G9V,45,...,...,499,4.80E-05,109,8.30E-05,1.31E-04,1,Spitzer
HD53842,-0.36,57.66,F5V,30,...,...,158,5.70E-05,33,1.50E-04,2.07E-04,1,Spitzer
HD54341,-0.16,101.46,A0V,364,...,...,246,1.90E-05,60,1.70E-04,1.89E-04,1,Spitzer
HD55052,...,108.63,F5III/IV,690,500,3.10E-05,...,...,...,...,3.10E-05,1,Spitzer
HD56099,...,98.98,F8,500,38,1.10E-03,...,...,...,...,1.10E-03,56,IRAS
HD56124,-0.24,27.25,G0,3580,85,2.30E-06,...,...,...,...,2.30E-06,1,Spitzer
HD56537,...,30.67,A4IV,314,231,7.20E-07,...,...,...,...,7.20E-07,1,Spitzer
HD56986,...,18.6,F2V,400,82,1.13E-05,...,...,...,...,1.13E-05," 7,61 ",IRAS
HD57703,-0.8,43.69,F2,600,...,...,499,4.50E-05,45,2.20E-05,6.70E-05,1,Spitzer
HD58946,-0.4,18.05,F1V,1700,21,5.70E-07,...,...,...,...,5.70E-07,20,Herschel
HD59967,-0.53,21.75,G3V,200,...,...,133,1.30E-05,72,1.70E-05,3.00E-05,1,Spitzer
HD60234,-0.1,125.6,G0,600,50,2.95E-04,...,...,...,...,2.95E-04," 5,61 ",IRAS
HD60737,-0.3,39.43,G0,3040,...,...,350,2.40E-05,63,3.40E-05,5.80E-05,1,Spitzer
HD60995,...,479.32,B8/9V,100,317,2.90E-05,...,...,...,...,2.90E-05,1,Spitzer
HD61005$^{r}$,-0.3,36.45,G8V,4670,...,...,78,1.50E-04,48,1.40E-03,1.55E-03,1,Spitzer
HD61421,...,3.51,F5IV/V,2700,113,1.50E-06,...,...,...,...,1.50E-06,20,Herschel
HD67523,...,19.48,F5II,2000,88,2.40E-05,...,...,...,...,2.40E-05,1,Spitzer
HD67827,-0.37,47.85,G0,4470,103,1.80E-05,...,...,...,...,1.80E-05,1,Spitzer
HD68420,-0.86,387.25,A3V,30,...,...,368,1.30E-04,133,3.50E-05,1.65E-04,1,Spitzer
HD68698,...,382.29,A1V,30,231,1.00E-04,...,...,...,...,1.00E-04,1,Spitzer
HD69830$^{p}$,0.04,12.58,G8V,5670,30,2.00E-04,...,...,...,...,2.00E-04,1,Spitzer
HD70298,-0.89,67.77,F3V,2730,500,4.10E-05,...,...,...,...,4.10E-05,1,Spitzer
HD70313$^{r}$,-0.11,51.28,A3V,200,...,...,182,2.70E-05,60,5.60E-05,8.30E-05,1,Spitzer
HD70573,-0.34,59.08,G1/2V,100,271,4.80E-05,...,...,...,...,4.80E-05,1,Spitzer
HD71043,-1.47,72.15,A0V,30,...,...,347,4.70E-05,121,2.00E-05,6.70E-05,1,Spitzer
HD71155$^{r}$,...,37.51,A0V,306,...,...,499,2.00E-05,109,2.20E-05,4.20E-05,1,Spitzer
HD71722$^{r}$,-1.21,69.27,A0V,324,...,...,237,2.30E-05,72,6.10E-05,8.40E-05,1,Spitzer
HD72660,...,98.17,A0V,200,500,1.40E-05,...,...,...,...,1.40E-05,1,Spitzer
HD72687,-0.35,45.47,G5V,3140,183,7.50E-05,...,...,...,...,7.50E-05,1,Spitzer
HD72905,-0.46,14.44,G0.5V,300,...,...,499,2.70E-05,69,8.00E-06,3.50E-05,1,Spitzer
HD73210,-1.87,182.82,A5V,730,76,1.06E-05,...,...,...,...,1.06E-05,10,Spitzer
HD73350,-0.21,24.35,G8,513,63,1.45E-04,...,...,...,...,1.45E-04,14,Spitzer
HD73752,...,19.62,G3V,600,119,5.21E-05,...,...,...,...,5.21E-05," 7,61 ",IRAS
HD74340,-0.27,150.08,F5V,45,247,1.80E-04,...,...,...,...,1.80E-04,1,Spitzer
HD74374,-0.24,150.96,F3V,45,137,1.50E-04,...,...,...,...,1.50E-04,1,Spitzer
HD74873$^{r}$,-0.27,55.63,A1V,539,...,...,435,3.00E-05,133,2.10E-05,5.10E-05,1,Spitzer
HD75416$^{g}$,...,98.35,B8V,8,...,...,393,1.00E-04,124,6.50E-06,1.07E-04,1,Spitzer
HD75505,-0.69,98,A1V,8,500,9.60E-06,...,...,...,...,9.60E-06,1,Spitzer
HD75616,-0.72,35.71,F5,1400,54,3.40E-05,...,...,...,...,3.40E-05,1,Spitzer
HD75747,-0.3,98.65,A7V,8,...,...,499,1.50E-04,490,1.10E-06,1.51E-04,1,Spitzer
HD76151,-0.11,16.85,G2V,1650,97,1.90E-05,...,...,...,...,1.90E-05,1,Spitzer
HD76543,-0.85,49.19,A5III,394,...,...,146,1.70E-05,81,3.00E-05,4.70E-05,1,Spitzer
HD76582,-1.26,48.89,F0IV,538,...,...,466,1.90E-05,78,4.80E-05,6.70E-05,1,Spitzer
HD76653,-0.4,24.34,F6V,770,85,1.50E-05,...,...,...,...,1.50E-05,1,Spitzer
HD76748,-0.09,48.96,K0V,4250,137,4.00E-05,...,...,...,...,4.00E-05,1,Spitzer
HD76943,...,16.07,F3V,1400,27,4.60E-07,...,...,...,...,4.60E-07,20,Herschel
HD78702,...,101.94,A0/1V,351,...,...,499,2.40E-05,118,1.20E-05,3.60E-05,1,Spitzer
HD79108,-1.22,114.66,A0V,283,...,...,262,3.80E-05,72,3.50E-05,7.30E-05,1,Spitzer
HD80425,-0.67,102.31,A5,1025,500,2.70E-05,...,...,...,...,2.70E-05,1,Spitzer
HD80606$^{p}$,0.28,66.03,G8V,8960,45,5.67E-04,...,...,...,...,5.67E-04," 10,13 ",Spitzer
HD80671,...,33.94,F5V,1830,30,3.70E-08,...,...,...,...,3.70E-08,1,Spitzer
HD80950,-0.16,76.39,A0V,138,...,...,286,7.30E-05,143,5.60E-05,1.29E-04,1,Spitzer
HD81515,-0.29,114.4,A5V,534,116,5.70E-05,...,...,...,...,5.70E-05,1,Spitzer
HD82443,-0.04,18.07,G9V,35,...,...,207,2.60E-05,91,1.90E-05,4.50E-05,1,Spitzer
HD82943$^{p}$,-0.18,27.69,F9V,430,...,...,442,3.60E-05,54,6.10E-05,9.70E-05,1,Spitzer
HD83808,...,39.95,F8,400,134,7.50E-06,...,...,...,...,7.50E-06,1,Spitzer
HD84075,-0.3,63.65,G2V,40,...,...,149,4.50E-05,54,1.10E-04,1.55E-04,1,Spitzer
HD84870,-0.54,88.77,A3,100,...,...,420,4.60E-05,69,1.30E-04,1.76E-04,1,Spitzer
HD85301,-0.02,33.27,G5,600,...,...,146,7.60E-05,54,4.30E-05,1.19E-04,1,Spitzer
HD85364,0.06,66.21,A4V,1025,...,...,207,1.60E-05,60,4.20E-05,5.80E-05,1,Spitzer
HD85672,-0.38,109.15,A0,30,76,2.85E-04,...,...,...,...,2.85E-04," 7,61 ",IRAS
HD86087,0.22,99.2,A0V,365,...,...,381,3.70E-05,91,9.50E-05,1.32E-04,1,Spitzer
HD87696,...,28.24,A7V,300,143,1.20E-05,...,...,...,...,1.20E-05,1,Spitzer
HD88215,...,27.74,F3V,1000,259,4.60E-05,...,...,...,...,4.60E-05,1,Spitzer
HD88230,-0.04,4.87,K6V,6600,22,1.60E-06,...,...,...,...,1.60E-06,47,Herschel
HD88824,-0.35,49.65,F0IV,1350,...,...,499,3.70E-05,81,1.40E-05,5.10E-05,1,Spitzer
HD88955,...,31.08,A2V,40,138,6.30E-06,...,...,...,...,6.30E-06,44,Herschel
HD89846,-0.47,179.56,F2,1125,67,1.80E-05,...,...,...,...,1.80E-05,1,Spitzer
HD90089,...,23.02,F4V,1800,70,1.67E-05,...,...,...,...,1.67E-05,36,Spitzer
HD90839,-0.52,12.95,F8V,2970,50,9.10E-07,...,...,...,...,9.10E-07,35,Herschel
HD90874,-1.22,68.02,A2V,400,...,...,499,9.40E-06,106,1.10E-05,2.04E-05,1,Spitzer
HD90905,-0.5,30.76,G1V,90,216,3.40E-05,...,...,...,...,3.40E-05,1,Spitzer
HD91312,...,34.31,A7IV,414,500,1.60E-05,...,...,...,...,1.60E-05,1,Spitzer
HD91375,...,79.87,A1V,400,79,2.49E-05,...,...,...,...,2.49E-05," 7,61 ",IRAS
HD92536,-1.21,155.1,B8V,46,...,...,280,6.70E-05,75,8.00E-06,7.50E-05,1,Spitzer
HD92945$^{r}$,0.01,21.51,K1V,300,36,4.90E-04,...,...,...,...,4.90E-04,1,Spitzer
HD93738,-1.48,133.11,B9.5V,46,250,2.50E-05,...,...,...,...,2.50E-05,1,Spitzer
HD93932,-0.23,50.73,G3V,4730,500,2.00E-04,...,...,...,...,2.00E-04,1,Spitzer
HD95086$^{pgr}$,-0.71,86.46,A8III,17,...,...,225,7.80E-05,57,7.40E-04,8.18E-04,1,Spitzer
HD95418$^{r}$,...,24.45,A1IV,500,94,1.22E-05,...,...,...,...,1.22E-05," 5,61 ",Spitzer
HD95608,...,38.87,A1,420,198,3.00E-05,...,...,...,...,3.00E-05,1,Spitzer
HD95698,-0.82,56.73,A9III/IV,1515,...,...,249,1.80E-05,51,4.00E-05,5.80E-05,1,Spitzer
HD98363$^{r}$,-0.05,137.21,A2V,17,...,...,295,2.80E-04,112,6.40E-04,9.20E-04,1,Spitzer
HD98673,-0.21,85.17,A7V,737,...,...,237,3.50E-05,78,2.30E-05,5.80E-05,1,Spitzer
HD98800,...,44.9,K5V,8,136,6.59E-02,...,...,...,...,6.59E-02," 5,61 ",IRAS
HD99211,...,25.24,A7V,200,...,...,499,2.10E-05,30,1.10E-06,2.21E-05,1,Spitzer
HD99945,-0.33,60.54,A2,300,61,6.66E-05,...,...,...,...,6.66E-05," 7,61 ",IRAS
HD101132,...,41.51,A9IV,300,216,1.50E-05,...,...,...,...,1.50E-05,1,Spitzer
HD101259,...,67.72,G6/8V,2520,500,1.20E-04,...,...,...,...,1.20E-04,1,Spitzer
HD102458,-0.4,113.76,G4V,17,...,...,481,1.40E-04,109,4.90E-05,1.89E-04,1,Spitzer
HD102647$^{r}$,...,11,A3V,45,...,...,499,1.30E-05,106,1.70E-05,3.00E-05,1,Spitzer
HD102870,-0.04,11,F9V,4400,38,8.80E-07,...,...,...,...,8.80E-07," 20,22 ",Herschel
HD102902,0.05,87.21,G3V,2320,500,6.90E-05,...,...,...,...,6.90E-05,1,Spitzer
HD103234,-0.76,100.89,F2IV/V,17,...,...,478,6.50E-05,149,7.70E-05,1.42E-04,1,Spitzer
HD103266,-0.96,82.48,A1V,760,...,...,475,4.60E-05,124,1.80E-05,6.40E-05,1,Spitzer
HD103703,-0.62,107.18,F3V,17,...,...,484,8.00E-04,100,8.10E-05,8.81E-04,1,Spitzer
HD104067$^{p}$,-0.15,20.35,K2V,2160,45,1.23E-04,...,...,...,...,1.23E-04,10,Spitzer
HD104231,-0.14,103.2,F5V,17,...,...,423,2.70E-04,136,8.50E-05,3.55E-04,1,Spitzer
HD104600,-0.76,103.78,B9V,17,...,...,292,4.80E-05,112,5.00E-05,9.80E-05,1,Spitzer
HD104860$^{r}$,-0.42,45.19,F9V,3140,...,...,210,2.40E-05,42,2.80E-04,3.04E-04,1,Spitzer
HD105211,-0.52,19.76,F2V,1380,...,...,268,9.00E-06,48,2.50E-05,3.40E-05,1,Spitzer
HD105452,-0.51,14.94,F1V,1000,21,6.90E-07,...,...,...,...,6.90E-07,20,Herschel
HD105613,-0.32,105.24,A3V,17,...,...,344,1.00E-04,115,2.20E-05,1.22E-04,1,Spitzer
HD105850,-1.25,61.21,A1V,348,...,...,499,4.20E-05,130,2.00E-05,6.20E-05,1,Spitzer
HD105857,-0.3,113.39,A2V,17,...,...,368,3.40E-05,173,1.10E-04,1.44E-04,1,Spitzer
HD105912,-0.73,48.05,F5V,770,...,...,499,3.90E-05,103,6.40E-05,1.03E-04,1,Spitzer
HD105994,-0.67,111.29,F3V,17,174,7.40E-05,...,...,...,...,7.40E-05,1,Spitzer
HD106036,-1.44,99.8,A2V,17,...,...,301,2.50E-04,112,1.80E-04,4.30E-04,1,Spitzer
HD106389,-0.44,146.02,F6IV,17,378,3.80E-04,...,...,...,...,3.80E-04,1,Spitzer
HD106591,-0.44,24.69,A2V,300,180,2.00E-06,...,...,...,...,2.00E-06,1,Spitzer
HD106797,-0.94,106.11,A0V,17,...,...,307,6.60E-05,136,1.40E-04,2.06E-04,1,Spitzer
HD106906$^{pr}$,-0.74,102.38,F5V,17,...,...,124,7.60E-04,81,4.60E-04,1.22E-03,1,Spitzer
HD107146$^{r}$,-0.36,27.47,G2V,100,...,...,106,7.80E-05,45,4.20E-04,4.98E-04,1,Spitzer
HD107301,-0.59,97.29,B9V,17,...,...,246,4.00E-05,127,6.10E-05,1.01E-04,1,Spitzer
HD107649,-0.26,108.37,F5V,17,...,...,499,1.80E-04,121,1.10E-04,2.90E-04,1,Spitzer
HD107947,-0.2,98.67,A0V,17,...,...,292,6.60E-05,100,3.60E-05,1.02E-04,1,Spitzer
HD108257,...,137.36,B3V,17,73,9.40E-07,...,...,...,...,9.40E-07,1,Spitzer
HD108857,...,103.28,F7V,17,...,...,362,3.20E-04,191,2.50E-04,5.70E-04,1,Spitzer
HD108874$^{p}$,0.18,59.78,G9V,1100,64,3.10E-05,...,...,...,...,3.10E-05,1,Spitzer
HD108904,-0.46,107.13,F6V,17,177,3.30E-04,...,...,...,...,3.30E-04,1,Spitzer
HD109085$^{gr}$,-0.54,18.24,F2V,300,156,1.05E-04,...,...,...,...,1.05E-04," 7,61 ",IRAS
HD109573$^{gr}$,-0.68,70.77,A0V,8,...,...,231,1.00E-04,97,4.30E-03,4.40E-03,1,Spitzer
HD109704,...,71.08,A3V,389,...,...,442,4.50E-05,121,3.10E-05,7.60E-05,1,Spitzer
HD109832,-0.57,107.3,A9V,17,...,...,243,1.20E-04,97,3.50E-04,4.70E-04,1,Spitzer
HD110058$^{gr}$,-0.77,130.08,A0V,17,...,...,499,2.40E-05,112,1.40E-03,1.42E-03,1,Spitzer
HD110379J,-0.43,12.02,F1/2V,1180,30,3.30E-07,...,...,...,...,3.30E-07,20,Herschel
HD110411$^{gr}$,...,38.92,A0V,86,...,...,445,2.20E-05,78,3.70E-05,5.90E-05,1,Spitzer
HD110634,-0.52,126.37,F2V,17,201,6.80E-05,...,...,...,...,6.80E-05,1,Spitzer
HD110897,-0.39,17.56,F9V,460,54,1.20E-05,...,...,...,...,1.20E-05,1,Spitzer
HD111102,-0.71,111.58,F0III,912,...,...,310,4.70E-05,75,5.40E-05,1.01E-04,1,Spitzer
HD111103,-0.28,129.36,F8,17,116,2.50E-04,...,...,...,...,2.50E-04,1,Spitzer
HD111170,-0.35,120.82,G9IV,17,479,1.20E-04,...,...,...,...,1.20E-04,1,Spitzer
HD111347,-0.2,70.02,F7V,1120,...,...,499,3.40E-05,124,4.50E-05,7.90E-05,1,Spitzer
HD111520$^{r}$,-0.47,108.05,F5/6V,17,...,...,115,8.20E-04,51,6.40E-04,1.46E-03,1,Spitzer
HD112383,-0.88,101.2,A2IV/V,17,...,...,438,2.00E-05,204,1.10E-04,1.30E-04,1,Spitzer
HD112429,-0.55,29.44,F3IV,1905,...,...,133,5.60E-06,72,8.20E-06,1.38E-05,1,Spitzer
HD112810$^{r}$,-0.41,133.66,F3/5IV/V,17,...,...,258,1.30E-04,57,5.90E-04,7.20E-04,1,Spitzer
HD113319,-0.39,31.75,G4V,3520,94,1.30E-05,...,...,...,...,1.30E-05,1,Spitzer
HD113337$^{p}$,-0.35,36.2,F6V,1450,...,...,316,1.50E-05,54,6.70E-05,8.20E-05,1,Spitzer
HD113457,-1.72,103.88,A0V,17,...,...,319,1.50E-04,142,1.00E-04,2.50E-04,1,Spitzer
HD113524,-0.31,120.99,F6/8,17,...,...,442,1.40E-04,81,7.40E-05,2.14E-04,1,Spitzer
HD113556,-0.43,100.48,F2V,17,...,...,268,8.90E-05,60,4.40E-04,5.29E-04,1,Spitzer
HD113766$^{r}$,-1.19,122.55,F3/5V,15,490,1.70E-02,...,...,...,...,1.70E-02,3,WISE
HD113902,0.14,97.09,B8/9V,17,...,...,298,3.30E-05,152,3.40E-06,3.64E-05,1,Spitzer
HD114082$^{pr}$,-0.56,95.06,F3V,17,...,...,499,1.20E-04,112,3.30E-03,3.42E-03,1,Spitzer
HD114576,...,110.62,A5V,600,64,3.04E-04,...,...,...,...,3.04E-04," 5,61 ",IRAS
HD115116,-1.29,90.19,A7V,100,55,2.10E-04,...,...,...,...,2.10E-04," 7,61 ",IRAS
HD115361,-0.26,95.91,F5V,17,...,...,265,1.20E-04,100,2.10E-04,3.30E-04,1,Spitzer
HD115600$^{r}$,-0.46,109.04,F2IV/V,17,...,...,499,5.50E-05,109,1.70E-03,1.76E-03,1,Spitzer
HD115617$^{pr}$,...,8.53,G6.5V,4580,...,...,133,1.00E-05,54,1.00E-05,2.00E-05,1,Spitzer
HD115820,...,114.25,A7/8V,17,137,1.20E-04,...,...,...,...,1.20E-04,1,Spitzer
HD115892,...,17.84,A1.5,45,207,1.40E-05,...,...,...,...,1.40E-05,1,Spitzer
HD116099,-0.38,144.2,G2IV,17,...,...,396,1.10E-04,60,7.90E-05,1.89E-04,1,Spitzer
HD116956,-0.05,21.65,G9V,270,30,4.10E-07,...,...,...,...,4.10E-07,1,Spitzer
HD117043,-0.3,20.88,G6V,11700,76,1.10E-05,...,...,...,...,1.10E-05,1,Spitzer
HD117176$^{p}$,...,18.1,G4V,7600,...,...,499,3.40E-05,45,3.70E-06,3.77E-05,1,Spitzer
HD117214$^{r}$,-0.22,107.35,F6V,17,...,...,499,1.60E-04,109,2.40E-03,2.56E-03,1,Spitzer
HD117376,-1.35,72.32,A1V,307,...,...,142,5.30E-06,54,2.70E-05,3.23E-05,1,Spitzer
HD117484,-1.5,155.47,B9.5V,17,...,...,271,8.20E-05,94,1.60E-04,2.42E-04,1,Spitzer
HD117524,-0.5,136.72,G8V,17,500,2.00E-04,...,...,...,...,2.00E-04,1,Spitzer
HD117665,-1.69,129.58,A1/2V,17,...,...,319,9.70E-05,146,9.30E-05,1.90E-04,1,Spitzer
HD117716,-1.32,67.84,A2V,343,...,...,499,1.70E-05,109,5.60E-06,2.26E-05,1,Spitzer
HD118216,...,46.89,A6,1360,...,...,499,9.40E-05,30,3.40E-07,9.43E-05,1,Spitzer
HD118232,...,55.28,A4V,3,114,2.56E-05,...,...,...,...,2.56E-05,30,Spitzer
HD118379,-0.28,113.03,A3IV/V,16,...,...,390,1.80E-05,109,9.50E-05,1.13E-04,1,Spitzer
HD118588,-1.46,135.04,A1V,17,...,...,292,9.70E-05,133,1.40E-04,2.37E-04,1,Spitzer
HD118972,...,15.69,K0V,400,97,4.50E-05,...,...,...,...,4.50E-05,1,Spitzer
HD119124,-0.5,25.52,F7.7V,45,...,...,472,3.60E-05,60,2.70E-05,6.30E-05,1,Spitzer
HD119511,-0.46,117.45,F3V,17,216,3.40E-05,...,...,...,...,3.40E-05,1,Spitzer
HD119718,-0.63,115.46,F5V,17,...,...,368,1.70E-04,118,2.60E-04,4.30E-04,1,Spitzer
HD120160,-0.45,142.63,F0IV/V,1600,...,...,255,1.60E-05,51,4.70E-05,6.30E-05,1,Spitzer
HD120326$^{r}$,-0.5,113.27,F0V,16,...,...,127,1.10E-03,63,1.40E-04,1.24E-03,1,Spitzer
HD120534,-0.65,84.88,A5V,400,...,...,112,1.80E-04,51,1.20E-04,3.00E-04,1,Spitzer
HD121189,-0.34,128.76,F3V,16,...,...,344,1.70E-04,124,3.30E-04,5.00E-04,1,Spitzer
HD121191$^{gr}$,-1.28,132.29,A5IV/V,16,...,...,555,2.09E-03,118,2.59E-03,4.68E-03,31,Herschel
HD121336,...,139.86,A1V,16,...,...,411,4.50E-05,136,3.20E-05,7.70E-05,1,Spitzer
HD121384,...,40.31,G8V,3000,71,1.93E-04,...,...,...,...,1.93E-04," 7,61 ",IRAS
HD121617$^{gr}$,-0.97,117.89,A1V,16,105,4.80E-03,...,...,...,...,4.80E-03,31,AKARI
HD121812,...,34.29,K2,230,46,1.49E-03,...,...,...,...,1.49E-03,32,IRAS
HD122652,-0.37,39.58,F8,500,...,...,448,1.50E-05,54,7.60E-05,9.10E-05,1,Spitzer
HD122705,-0.16,122.82,A2V,16,...,...,387,6.40E-05,127,1.80E-05,8.20E-05,1,Spitzer
HD122948,-0.24,44.35,G5,46,500,1.50E-04,...,...,...,...,1.50E-04,1,Spitzer
HD123889,-0.46,130.1,F2V,16,...,...,499,3.00E-05,69,3.50E-05,6.50E-05,1,Spitzer
HD123998,-0.32,43.62,A2,250,100,6.03E-06,...,...,...,...,6.03E-06,14,Spitzer
HD124498,...,30.18,K5.5V,100,57,5.30E-05,...,...,...,...,5.30E-05,1,Spitzer
HD124619,-0.5,131.22,F0V,16,...,...,417,1.50E-04,109,4.10E-05,1.91E-04,1,Spitzer
HD124718,-0.07,63.39,G5V,500,62,1.43E-03,...,...,...,...,1.43E-03," 7,61 ",IRAS
HD124988,-0.62,88.43,F2III,1390,500,2.20E-05,...,...,...,...,2.20E-05,1,Spitzer
HD125162$^{r}$,...,30.36,A0V,313,...,...,133,2.00E-05,57,1.30E-05,3.30E-05,1,Spitzer
HD125283,-0.87,69.37,A2V,386,186,4.30E-05,...,...,...,...,4.30E-05,1,Spitzer
HD125451,-0.8,26.11,F5IV,680,70,1.50E-05,...,...,...,...,1.50E-05,1,Spitzer
HD125473,-0.91,79.37,A0IV,300,186,1.70E-05,...,...,...,...,1.70E-05,1,Spitzer
HD125541,-0.4,157.19,A9V,16,...,...,356,1.20E-04,124,2.00E-04,3.20E-04,1,Spitzer
HD126062,-1.49,131.88,A1V,16,...,...,225,7.30E-05,57,2.00E-04,2.73E-04,1,Spitzer
HD126135,-1.48,180.16,B8V,16,...,...,329,4.00E-05,121,1.70E-05,5.70E-05,1,Spitzer
HD126265,-0.34,86.21,G2III,500,80,3.36E-04,...,...,...,...,3.36E-04," 7,61 ",IRAS
HD127726,...,73.64,A7V,954,30,6.40E-07,...,...,...,...,6.40E-07,1,Spitzer
HD127750,-0.95,144.36,A0V,16,...,...,252,4.50E-05,72,1.20E-04,1.65E-04,1,Spitzer
HD127762,-0.49,26.61,A7IV,1000,109,1.20E-05,...,...,...,...,1.20E-05,1,Spitzer
HD127821,-0.79,31.69,F4IV,1020,...,...,265,1.20E-05,42,1.20E-04,1.32E-04,1,Spitzer
HD128165,-0.12,13.23,K3,3000,45,4.10E-05,...,...,...,...,4.10E-05," 10,25 ",Spitzer
HD128167,...,15.76,F4V,1000,40,4.90E-06,...,...,...,...,4.90E-06,7,IRAS
HD128207,...,136.38,B8V,16,...,...,499,7.80E-06,204,3.60E-06,1.14E-05,1,Spitzer
HD128311$^{p}$,-0.09,16.32,K3V,310,...,...,371,4.70E-05,30,1.00E-05,5.70E-05,1,Spitzer
HD129490,-0.42,147.03,F7IV/V,16,...,...,499,9.10E-05,51,7.10E-05,1.62E-04,1,Spitzer
HD129590$^{gr}$,-0.37,136.32,G3V,16,...,...,94,4.90E-03,72,1.60E-04,5.06E-03,1,Spitzer
HD130322,-0.35,31.91,K0V,520,79,3.20E-05,...,...,...,...,3.20E-05,1,Spitzer
HD130819,...,23.94,F3V,1010,30,3.90E-05,...,...,...,...,3.90E-05,1,Spitzer
HD131156,-0.04,6.71,G7V,280,40,2.90E-06,...,...,...,...,2.90E-06,20,Herschel
HD131488$^{gr}$,...,152.24,A1V,16,...,...,570,2.78E-03,94,2.73E-03,5.51E-03,31,Herschel
HD131511,-0.52,11.63,K0.5V,690,40,2.80E-06,...,...,...,...,2.80E-06,35,Herschel
HD131625,...,77.35,A0V,200,...,...,493,2.40E-05,100,4.50E-06,2.85E-05,1,Spitzer
HD131835$^{gr}$,-0.6,129.74,A2IV,16,...,...,216,5.20E-04,78,1.50E-03,2.02E-03,1,Spitzer
HD132238,...,158.41,B7V,16,...,...,329,2.90E-05,143,1.00E-05,3.90E-05,1,Spitzer
HD132254,-0.31,25.16,F8V,3400,70,2.08E-05,...,...,...,...,2.08E-05,36,Spitzer
HD132742,...,107.73,A0V,500,494,1.70E-05,...,...,...,...,1.70E-05,1,Spitzer
HD132950,0.13,29.1,K3V,420,384,1.20E-04,...,...,...,...,1.20E-04,1,Spitzer
HD133075,-0.57,168.32,F3IV,16,...,...,213,3.30E-05,54,8.60E-05,1.19E-04,1,Spitzer
HD133640,...,12.51,G0V,950,23,1.70E-06,...,...,...,...,1.70E-06,20,Herschel
HD133803$^{p}$,-0.54,110.11,F2IV,16,...,...,368,2.10E-04,142,2.70E-04,4.80E-04,1,Spitzer
HD134888,-0.41,112.17,F3/5V,16,...,...,387,1.60E-04,72,6.80E-04,8.40E-04,1,Spitzer
HD135379$^{p}$,...,30.55,A3V,166,...,...,387,2.30E-05,155,3.00E-05,5.30E-05,1,Spitzer
HD135454,-0.1,130.89,B9.5V,16,...,...,417,2.50E-05,106,3.30E-06,2.83E-05,1,Spitzer
HD135502,...,74.81,A2V,200,74,2.97E-05,...,...,...,...,2.97E-05," 7,61 ",IRAS
HD135599,0.07,15.82,K0V,1300,...,...,448,5.80E-05,57,7.20E-05,1.30E-04,1,Spitzer
HD135953,-0.28,127.68,F5V,16,...,...,499,6.20E-05,60,4.80E-04,5.42E-04,1,Spitzer
HD136246,-0.24,114.67,A1V,16,...,...,289,1.80E-05,60,3.10E-05,4.90E-05,1,Spitzer
HD136347A,-0.89,150.54,A0,16,500,1.00E-05,...,...,...,...,1.00E-05,1,Spitzer
HD136482,-0.91,144.31,B8/9V,16,...,...,329,5.30E-05,130,3.10E-05,8.40E-05,1,Spitzer
HD136664,0.19,159.24,B4V,16,454,1.10E-06,...,...,...,...,1.10E-06,1,Spitzer
HD137015,...,296.43,A1/2V,16,...,...,487,3.20E-05,69,6.10E-06,3.81E-05,1,Spitzer
HD137057,...,142.81,F3V,16,...,...,499,4.00E-05,118,3.00E-04,3.40E-04,1,Spitzer
HD137119,-0.4,125.93,A2V,16,...,...,307,1.20E-04,139,5.60E-05,1.76E-04,1,Spitzer
HD138296,-0.4,141.99,F2V,16,500,4.10E-05,...,...,...,...,4.10E-05,1,Spitzer
HD138398,...,292.47,G5/8III,7432,500,1.20E-04,...,...,...,...,1.20E-04,1,Spitzer
HD138749,...,115.07,B6V,200,99,7.85E-06,...,...,...,...,7.85E-06," 7,61 ",IRAS
HD138813$^{gr}$,-1.42,136.6,A0V,11,...,...,194,3.50E-04,94,5.50E-04,9.00E-04,1,Spitzer
HD138923,-1.06,135.14,B8V,16,...,...,359,7.80E-05,176,1.40E-05,9.20E-05,1,Spitzer
HD138965$^{r}$,-1.49,78.6,A1V,20,...,...,167,8.20E-05,57,3.30E-04,4.12E-04,1,Spitzer
HD139006$^{r}$,...,23.01,A1IV,314,...,...,176,7.30E-06,115,1.30E-05,2.03E-05,1,Spitzer
HD139323,0.1,22.44,K3V,5000,28,3.97E-04,...,...,...,...,3.97E-04," 5,61 ",IRAS
HD139590,-0.37,50.7,G3V,5000,64,2.96E-04,...,...,...,...,2.96E-04," 7,61 ",IRAS
HD139664$^{r}$,-0.52,17.4,F3/5V,200,...,...,130,1.80E-05,51,4.90E-05,6.70E-05,1,Spitzer
HD139813,-0.01,21.79,G9V,9500,18,1.12E-04,...,...,...,...,1.12E-04,37,Spitzer
HD140374,-0.07,126.42,G8V,16,500,1.10E-04,...,...,...,...,1.10E-04,1,Spitzer
HD140775,...,104.56,A0V,600,112,1.90E-05,...,...,...,...,1.90E-05,1,Spitzer
HD140817,...,141.35,A0V,16,...,...,280,7.30E-05,136,6.70E-05,1.40E-04,1,Spitzer
HD140840,-0.16,144.08,B9,16,...,...,341,4.20E-05,88,1.30E-04,1.72E-04,1,Spitzer
HD141011,-0.22,128.37,F5V,16,...,...,499,1.70E-04,100,9.20E-05,2.62E-04,1,Spitzer
HD141254,-0.33,149.89,F3V,16,...,...,481,1.40E-04,72,6.00E-05,2.00E-04,1,Spitzer
HD141327,...,208.57,B9V,16,...,...,313,5.00E-05,88,1.40E-05,6.40E-05,1,Spitzer
HD141378$^{r}$,-0.59,53.2,A5IV/V,478,...,...,347,1.60E-05,69,5.10E-05,6.70E-05,1,Spitzer
HD141521,-0.19,130.84,G8IV,16,500,1.40E-04,...,...,...,...,1.40E-04,1,Spitzer
HD141569$^{g}$,...,111.61,A2V,5,110,1.12E-02,...,...,...,...,1.12E-02,5,IRAS
HD141943$^{r}$,-0.35,60.14,G2,30,...,...,197,5.70E-05,60,1.10E-04,1.67E-04,1,Spitzer
HD142091$^{pr}$,-0.22,29.99,K1IV,2500,60,5.00E-05,...,...,...,...,5.00E-05,22,Herschel
HD142139,-1.15,69.58,A1IV/V,550,...,...,451,2.50E-05,124,2.10E-05,4.60E-05,1,Spitzer
HD142446$^{r}$,-0.55,135.61,F3V,16,...,...,258,1.50E-04,63,5.20E-04,6.70E-04,1,Spitzer
HD142908,-0.58,42.06,F2IV/V,1430,...,...,167,4.20E-06,66,4.30E-06,8.50E-06,1,Spitzer
HD142926,-1.31,165.49,B9,78,222,8.67E-05,...,...,...,...,8.67E-05,30,Spitzer
HD143538,-0.42,129.99,F0V,16,164,5.20E-05,...,...,...,...,5.20E-05,1,Spitzer
HD143675$^{r}$,-0.58,135.7,A5IV/V,16,...,...,374,1.80E-04,127,4.10E-04,5.90E-04,1,Spitzer
HD143811,-0.35,136.86,F5V,11,100,1.10E-04,...,...,...,...,1.10E-04,1,Spitzer
HD143894,...,53.49,A3V,530,...,...,499,7.70E-06,72,1.10E-05,1.87E-05,1,Spitzer
HD143939,...,142.19,B9,16,...,...,426,1.50E-05,152,1.20E-05,2.70E-05,1,Spitzer
HD144587,-0.82,141.35,A9V,11,...,...,393,1.70E-04,152,9.30E-05,2.63E-04,1,Spitzer
HD144713,-1.47,151.48,F3/5V,11,...,...,451,9.20E-05,51,6.30E-05,1.55E-04,1,Spitzer
HD144729,-0.9,161.19,F0V,11,372,1.20E-04,...,...,...,...,1.20E-04,1,Spitzer
HD144981,...,149.12,A0V,11,...,...,350,1.20E-04,118,2.10E-05,1.41E-04,1,Spitzer
HD145229,-0.4,33.78,G0,3730,...,...,142,2.10E-05,48,7.80E-05,9.90E-05,1,Spitzer
HD145263,-0.72,141.92,F2V,10,290,1.00E-03,...,...,...,...,1.00E-03," 3, 60 ",WISE
HD145357A,-0.34,131.06,A5V,16,...,...,313,7.80E-05,97,2.50E-05,1.03E-04,1,Spitzer
HD145554,...,137.03,B9V,11,...,...,319,1.40E-04,109,3.70E-05,1.77E-04,1,Spitzer
HD145560$^{r}$,-0.18,121.23,F5V,16,...,...,112,1.20E-03,63,1.40E-03,2.60E-03,1,Spitzer
HD145631,...,137.4,B9V,11,238,5.40E-05,...,...,...,...,5.40E-05,1,Spitzer
HD145689$^{pg}$,-0.21,54.99,A3V,40,...,...,341,3.80E-05,60,1.10E-05,4.90E-05,1,Spitzer
HD145880,-1,123.44,B9.5V,16,...,...,274,1.60E-04,75,2.90E-04,4.50E-04,1,Spitzer
HD145964$^{g}$,-1.29,112.97,B9V,11,...,...,499,8.90E-06,75,6.10E-06,1.50E-05,1,Spitzer
HD145972,-0.3,126.3,F0V,16,...,...,347,1.80E-04,118,1.00E-04,2.80E-04,1,Spitzer
HD146181$^{r}$,-0.49,127.52,F6V,16,...,...,200,1.70E-04,81,1.90E-03,2.07E-03,1,Spitzer
HD146606,-1,134.65,A0V,11,...,...,344,7.60E-05,130,4.40E-05,1.20E-04,1,Spitzer
HD146624,-1.24,41.29,A1V,12,155,1.40E-05,...,...,...,...,1.40E-05,1,Spitzer
HD146897$^{gr}$,-0.76,132.19,F2/3V,11,...,...,304,3.00E-04,94,5.30E-03,5.60E-03,1,Spitzer
HD147010,...,130.73,B9II/III,11,...,...,185,7.30E-05,72,5.90E-05,1.32E-04,1,Spitzer
HD147137,-0.74,143.47,A9V,11,...,...,237,5.20E-05,115,1.10E-04,1.62E-04,1,Spitzer
HD147594,-0.15,135.19,G3IV,11,...,...,356,1.80E-04,78,1.10E-04,2.90E-04,1,Spitzer
HD148657,-0.99,179.72,A0V,16,...,...,417,1.10E-04,109,2.50E-04,3.60E-04,1,Spitzer
HD149630,-0.61,92.11,B9V,700,80,2.57E-05,...,...,...,...,2.57E-05," 7,61 ",IRAS
HD150378,...,101.34,B9V,200,...,...,499,1.10E-05,106,2.20E-05,3.30E-05,1,Spitzer
HD150682,-0.58,43.14,F3V,1700,61,9.40E-06,...,...,...,...,9.40E-06,1,Spitzer
HD150697,...,111.78,F3V,1290,...,...,499,9.10E-05,97,1.20E-04,2.11E-04,1,Spitzer
HD150706$^{p}$,-0.3,28.18,G0,240,54,3.30E-05,...,...,...,...,3.30E-05,1,Spitzer
HD151044,-0.44,29.3,F8V,3890,...,...,499,7.80E-05,60,5.40E-05,1.32E-04,1,Spitzer
HD151109,-1.17,174.48,B9IV/V,16,...,...,237,5.50E-05,91,5.80E-05,1.13E-04,1,Spitzer
HD151376,-0.45,118.44,F2/3V,11,...,...,292,8.70E-05,100,1.40E-04,2.27E-04,1,Spitzer
HD151613,...,26.79,F2V,1790,82,4.50E-08,...,...,...,...,4.50E-08,1,Spitzer
HD151900,-0.9,55.85,F3V,2270,476,2.60E-05,...,...,...,...,2.60E-05,1,Spitzer
HD152598,-0.59,29.76,F0V,270,...,...,499,5.00E-05,130,1.90E-05,6.90E-05,1,Spitzer
HD153053$^{r}$,-0.56,52.68,A5IV/V,1025,...,...,84,3.50E-05,45,1.30E-05,4.80E-05,1,Spitzer
HD154145,...,104.99,A3V,300,52,2.14E-04,...,...,...,...,2.14E-04," 7,61 ",IRAS
HD154577,-0.34,13.73,K2.5V,4800,67,1.30E-05,...,...,...,...,1.30E-05,1,Spitzer
HD156623$^{gr}$,...,108.33,A0V,10,212,5.50E-03,...,...,...,...,5.50E-03,40,WISE
HD157728,-1.41,42.72,A7V,534,...,...,365,4.20E-05,100,2.50E-04,2.92E-04,1,Spitzer
HD158352$^{g}$,-0.97,63.81,A8V,890,...,...,146,9.30E-06,54,3.30E-05,4.23E-05,1,Spitzer
HD158460,-0.82,98.16,A1V,361,...,...,402,2.80E-05,81,3.80E-06,3.18E-05,1,Spitzer
HD158633,-0.05,12.79,K0,5900,61,2.40E-05,...,...,...,...,2.40E-05,1,Spitzer
HD159082,-0.91,147.9,B9.5V,197,...,...,499,2.70E-05,94,3.00E-05,5.70E-05,1,Spitzer
HD159139,-1.34,83.38,A1V,645,...,...,478,2.70E-05,69,8.40E-05,1.11E-04,1,Spitzer
HD159170,-0.28,46.81,A5V,659,...,...,499,3.80E-05,139,1.90E-05,5.70E-05,1,Spitzer
HD159492$^{r}$,-0.59,41.01,A5IV/V,562,...,...,173,8.90E-05,54,2.00E-05,1.09E-04,1,Spitzer
HD160032,-0.82,20.96,F4V,2400,70,3.20E-05,...,...,...,...,3.20E-05,36,Spitzer
HD161868$^{r}$,...,31.52,A1V,184,...,...,213,1.40E-05,78,4.90E-05,6.30E-05,1,Spitzer
HD161897,-0.21,29.98,K0,2000,22,1.74E-04,...,...,...,...,1.74E-04,37,Spitzer
HD162917,-0.55,31,F4IV/V,1210,...,...,499,2.30E-05,63,4.20E-05,6.50E-05,1,Spitzer
HD164249$^{p}$,-0.64,49.3,F6V,12,...,...,100,2.50E-04,57,4.70E-04,7.20E-04,1,Spitzer
HD165459,-0.14,91.07,A1V,5,85,4.66E-05,...,...,...,...,4.66E-05,24,Spitzer
HD165908$^{r}$,-1.14,15.77,F6V,7200,45,1.10E-05,...,...,...,...,1.10E-05," 20,25 ",Herschel
HD166191,-0.18,101.18,F3/5V,10,760,6.00E-02,...,...,...,...,6.00E-02,3,WISE
HD168746$^{p}$,0.04,41.69,G5V,10780,...,...,408,4.90E-04,39,2.80E-03,3.29E-03,1,Spitzer
HD169022,...,43.94,B9IV,132,...,...,499,7.20E-06,133,1.70E-06,8.90E-06,1,Spitzer
HD169666,-0.61,52.84,F2V,1640,...,...,484,7.90E-05,164,1.40E-04,2.19E-04,1,Spitzer
HD170773$^{r}$,-0.43,36.93,F5V,970,...,...,499,3.90E-05,42,2.80E-04,3.19E-04,1,Spitzer
HD172167$^{r}$,...,7.68,A0V,220,76,1.77E-05,...,...,...,...,1.77E-05," 7,61 ",IRAS
HD172555$^{gr}$,...,28.79,A7V,12,269,6.18E-04,...,...,...,...,6.18E-04," 7,61 ",IRAS
HD173608,-0.64,48.89,A7V,739,30,1.60E-06,...,...,...,...,1.60E-06,1,Spitzer
HD173667,-0.58,19.35,F5.5IV/V,3400,30,1.80E-06,...,...,...,...,1.80E-06,22,Herschel
HD174429$^{p}$,-0.82,47.25,G9IV,12,...,...,460,6.10E-05,39,2.30E-05,8.40E-05,1,Spitzer
HD175742,...,21.33,K0V,51,110,5.37E-05,...,...,...,...,5.37E-05,14,Spitzer
HD176638,-1.17,59.21,B9.5V,200,116,8.99E-05,...,...,...,...,8.99E-05," 7,61 ",IRAS
HD177171,-0.43,58.32,F6V,30,...,...,347,2.50E-05,54,3.20E-06,2.82E-05,1,Spitzer
HD177724,...,25.46,A0IV/V,83,170,7.30E-06,...,...,...,...,7.30E-06,43,Spitzer
HD178253,...,38.43,A2V,254,...,...,307,2.20E-05,100,6.10E-06,2.81E-05,1,Spitzer
HD180134,-0.58,45.5,F7V,2880,...,...,499,1.70E-05,75,6.20E-06,2.32E-05,1,Spitzer
HD181296$^{pgr}$,-1.49,48.54,A0V,12,...,...,277,1.10E-04,115,1.30E-04,2.40E-04,1,Spitzer
HD181327$^{gr}$,-0.24,47.78,F6V,12,...,...,94,1.20E-03,60,8.30E-04,2.03E-03,1,Spitzer
HD181869$^{r}$,0.45,55.74,B8V,177,454,2.00E-06,...,...,...,...,2.00E-06,1,Spitzer
HD182681$^{r}$,-1.5,70.69,B8.5V,50,88,1.71E-04,...,...,...,...,1.71E-04," 7,61 ",IRAS
HD182919$^{g}$,-0.94,72.13,A0V,198,...,...,295,2.20E-05,100,1.20E-05,3.40E-05,1,Spitzer
HD183216,-0.26,35.73,G2V,1700,79,2.90E-05,...,...,...,...,2.90E-05,1,Spitzer
HD183324$^{gr}$,-1.33,60.37,A0IV,140,...,...,481,1.20E-05,88,9.50E-06,2.15E-05,1,Spitzer
HD184930,0.59,176.45,B5III,112,479,2.40E-06,...,...,...,...,2.40E-06,1,Spitzer
HD186219,-0.32,42.43,A4IV,580,114,4.90E-06,...,...,...,...,4.90E-06,44,Herschel
HD187897,-0.22,32.18,G5,4500,...,...,499,1.70E-05,54,5.90E-05,7.60E-05,1,Spitzer
HD188228$^{r}$,-0.34,32.22,A0V,40,...,...,185,2.00E-06,72,3.30E-06,5.30E-06,1,Spitzer
HD190470,-0.01,22.11,K3V,880,73,5.70E-05,...,...,...,...,5.70E-05,1,Spitzer
HD191089$^{r}$,-0.7,50.11,F5V,12,...,...,100,9.90E-04,33,1.00E-04,1.09E-03,1,Spitzer
HD191174,-1.33,82,A3V,355,...,...,356,4.80E-05,81,1.80E-05,6.60E-05,1,Spitzer
HD191692,0.12,87.8,B9.5III,263,500,4.30E-06,...,...,...,...,4.30E-06,1,Spitzer
HD192263$^{p}$,-0.18,19.63,K1/2V,570,46,4.34E-05,...,...,...,...,4.34E-05," 10,50 ",Spitzer
HD192425$^{r}$,-0.81,47.83,A1V,408,...,...,268,3.40E-05,66,2.00E-05,5.40E-05,1,Spitzer
HD192758,-0.68,66.5,F0V,830,...,...,164,3.80E-05,54,4.10E-04,4.48E-04,1,Spitzer
HD192895,-0.51,72.2,F2,1200,500,3.40E-05,...,...,...,...,3.40E-05,1,Spitzer
HD193571,-0.08,68.35,A0V,171,...,...,499,4.60E-06,78,2.10E-05,2.56E-05,1,Spitzer
HD195627$^{r}$,-0.78,28.07,F0V,1175,...,...,164,1.20E-05,51,5.90E-05,7.10E-05,1,Spitzer
HD196524,...,30.93,F5IV,1412,500,2.10E-05,...,...,...,...,2.10E-05,1,Spitzer
HD196544,-1.33,60.07,A1IV,30,...,...,240,1.80E-05,81,2.00E-05,3.80E-05,1,Spitzer
HD196982,-0.06,10.7,M4.5V,12,120,5.75E-05,...,...,...,...,5.75E-05,14,Spitzer
HD197481$^{pr}$,...,9.71,M1V,12,60,3.99E-04,...,...,...,...,3.99E-04," 7,61 ",IRAS
HD197890,...,51.02,K3V,26,81,1.26E-04,...,...,...,...,1.26E-04,14,Spitzer
HD198160,...,73.53,A3IV,600,79,1.98E-05,...,...,...,...,1.98E-05," 28,24 ",Herschel
HD198308,...,152.8,K1II/III,600,96,3.30E-06,...,...,...,...,3.30E-06,44,Herschel
HD199260,-0.46,21.1,F6V,300,...,...,81,1.60E-06,69,1.20E-05,1.36E-05,1,Spitzer
HD199475,-0.16,82.08,A2V,200,52,1.56E-04,...,...,...,...,1.56E-04," 5,61 ",IRAS
HD199532,-0.38,45.09,F6,990,100,5.90E-06,...,...,...,...,5.90E-06,1,Spitzer
HD200565,-0.32,81.46,G5V,9150,30,2.90E-04,...,...,...,...,2.90E-04,1,Spitzer
HD201219,0.01,37.81,G5,3000,...,...,249,3.00E-05,45,7.90E-05,1.09E-04,1,Spitzer
HD202206$^{p}$,0.05,45.58,G6V,570,...,...,216,2.20E-05,57,6.30E-05,8.50E-05,1,Spitzer
HD202917$^{r}$,-0.18,46.71,G7V,30,...,...,289,8.30E-05,75,2.00E-04,2.83E-04,1,Spitzer
HD203562,-0.23,98.38,A3V,600,68,6.86E-05,...,...,...,...,6.86E-05," 5,61 ",IRAS
HD204277,-0.45,33.06,F8V,2460,109,1.20E-05,...,...,...,...,1.20E-05,1,Spitzer
HD205536,-0.48,22.23,G9V,500,55,2.35E-04,...,...,...,...,2.35E-04," 7,61 ",IRAS
HD205674,-0.84,55.74,F3/5IV,840,...,...,277,2.50E-05,54,2.00E-04,2.25E-04,1,Spitzer
HD205811,-1.5,86.4,A2V,274,...,...,466,1.50E-05,133,1.20E-05,2.70E-05,1,Spitzer
HD206860$^{p}$,-0.43,18.13,G0V,200,76,9.10E-06,...,...,...,...,9.10E-06,1,Spitzer
HD206893$^{pr}$,-0.82,40.77,F5V,860,...,...,499,3.40E-05,48,1.50E-04,1.84E-04,1,Spitzer
HD207129$^{r}$,-0.28,15.56,G2V,2100,...,...,69,1.60E-05,30,6.20E-05,7.80E-05,1,Spitzer
HD207889,-0.49,51.09,F6V,850,357,2.60E-05,...,...,...,...,2.60E-05,1,Spitzer
HD209253,-0.62,31.44,F6.5V,950,...,...,255,2.10E-05,57,4.30E-05,6.40E-05,1,Spitzer
HD210277$^{p}$,-0.35,21.34,G8V,6900,22,5.40E-06,...,...,...,...,5.40E-06,47,Herschel
HD211336,-0.96,26.21,F0V,1063,500,1.90E-05,...,...,...,...,1.90E-05,1,Spitzer
HD212265,-0.51,64.95,F5,2860,500,6.50E-05,...,...,...,...,6.50E-05,1,Spitzer
HD212695,-0.74,48.32,F3V,1300,48,2.60E-05,...,...,...,...,2.60E-05,1,Spitzer
HD213398,-1.07,43.78,A1V,180,120,1.20E-05,...,...,...,...,1.20E-05,44,Herschel
HD213429,...,25.52,F8V,4380,...,...,499,1.30E-05,30,3.30E-06,1.63E-05,1,Spitzer
HD213617,-1.04,53.39,F1V,930,...,...,161,4.30E-06,54,6.10E-05,6.53E-05,1,Spitzer
HD213845,-0.24,23.02,F7V,900,75,3.50E-06,...,...,...,...,3.50E-06,58,Herschel
HD213941,-0.76,31.57,G8V,8950,320,2.00E-05,...,...,...,...,2.00E-05,1,Spitzer
HD215766,...,109.5,B9V,201,...,...,280,2.00E-05,112,1.60E-05,3.60E-05,1,Spitzer
HD216435$^{p}$,-0.19,33.12,G0V,4800,61,1.50E-05,...,...,...,...,1.50E-05,1,Spitzer
HD216956$^{gr}$,...,7.7,A4V,220,57,5.72E-05,...,...,...,...,5.72E-05," 7,61 ",IRAS
HD217792,-0.65,29.08,F1V,900,...,...,499,1.80E-05,63,2.60E-06,2.06E-05,1,Spitzer
HD218340,-0.15,56.13,G3V,45,42,1.30E-04,...,...,...,...,1.30E-04,1,Spitzer
HD218396$^{pr}$,-1.56,40.88,F0,30,...,...,155,2.80E-05,33,1.10E-04,1.38E-04,1,Spitzer
HD218511,...,14.84,K6V,1260,31,3.71E-05,...,...,...,...,3.71E-05,49,Herschel
HD219482,-0.43,20.44,F6V,300,...,...,423,1.90E-05,78,2.00E-05,3.90E-05,1,Spitzer
HD219498,-0.28,57.12,G5,300,...,...,112,8.80E-05,30,7.30E-05,1.61E-04,1,Spitzer
HD219623,-0.24,20.61,F8V,3010,...,...,353,2.70E-05,78,1.10E-05,3.80E-05,1,Spitzer
HD220825,0.29,49.22,A2V,70,...,...,338,1.20E-05,170,1.70E-05,2.90E-05,1,Spitzer
HD221756,...,76.65,A1V,130,88,1.50E-05,...,...,...,...,1.50E-05," 28,24 ",Herschel
HD221853,-0.58,65.89,F0,100,...,...,88,5.90E-04,30,9.10E-05,6.81E-04,1,Spitzer
HD222368,-0.81,13.71,F7V,6220,51,1.10E-06,...,...,...,...,1.10E-06," 20,49 ",Herschel
HD223352,-1.19,42.14,A0V,70,...,...,390,2.20E-05,130,1.30E-05,3.50E-05,1,Spitzer
HD224930,...,12.32,G5V,3960,25,2.16E-05,...,...,...,...,2.16E-05,35,Herschel
HD225200,-0.73,128.8,A1V,322,...,...,307,3.20E-05,60,4.20E-05,7.40E-05,1,Spitzer
HD274255,-0.02,19.16,M0V,1000,115,3.00E-05,...,...,...,...,3.00E-05,1,Spitzer
HD282963,-0.15,135.25,F8,115,125,9.90E-05,...,...,...,...,9.90E-05,1,Spitzer
HD287787,-0.32,410.91,A2,10,161,1.70E-04,...,...,...,...,1.70E-04,1,Spitzer
HD287850,...,363.33,A5,10,201,1.50E-04,...,...,...,...,1.50E-04,1,Spitzer
HD287854,-0.31,347.11,F0,10,140,3.60E-04,...,...,...,...,3.60E-04,1,Spitzer
HD287861,-0.03,343.38,A0,10,...,...,390,6.80E-05,127,2.70E-04,3.38E-04,1,Spitzer
HD290521,-0.21,323.58,A3,5,...,...,164,2.30E-04,94,3.10E-04,5.40E-04,1,Spitzer
HD290540,0.75,415.75,A2,5,152,9.40E-05,...,...,...,...,9.40E-05,1,Spitzer
HD290598,-0.88,423.66,A0,5,500,5.00E-05,...,...,...,...,5.00E-05,1,Spitzer
HD290609,-0.95,847.46,B8,5,...,...,316,1.50E-04,100,2.00E-04,3.50E-04,1,Spitzer
HD358623,0.06,45.83,K7,12,88,2.00E-04,...,...,...,...,2.00E-04,14,Spitzer
1RXS J051111.1+281353,...,139.52,K0V,5,500,4.00E-04,...,...,...,...,4.00E-04,1,Spitzer
2MASS J03292624+4812117,-0.27,169.57,F9V,60,170,1.10E-04,...,...,...,...,1.10E-04,1,Spitzer
2MASS J03445639+2425574,-0.33,135.19,F8,115,410,2.00E-04,...,...,...,...,2.00E-04,1,Spitzer
ASAS J120900-5120.8,-0.53,121.59,K3IV,15,450,1.10E-01,...,...,...,...,1.10E-01,3,WISE
BD+20 307,-0.47,117.32,G0,1000,358,3.00E-02,...,...,...,...,3.00E-02,7,IRAS
BD+23 551,-0.32,139,F9V,115,119,1.80E-04,...,...,...,...,1.80E-04,1,Spitzer
BD+30 397,-0.47,40.94,K7V,12,65,7.90E-04,...,...,...,...,7.90E-04,7,Spitzer
BD+40 45,-0.48,14.69,K7,900,45,9.99E-05,...,...,...,...,9.99E-05,10,Spitzer
BD+66 582,-1.01,16.5,K5,300,91,6.90E-06,...,...,...,...,6.90E-06,1,Spitzer
BD-12 243,-0.17,35.3,G9V,70,...,...,344,2.80E-05,63,4.90E-05,7.70E-05,1,Spitzer
BD-13 6464,...,28.57,K5V,13,93,1.23E-04,...,...,...,...,1.23E-04,14,Spitzer
BD-21 4369,-0.25,144.91,K2IV,11,198,2.00E-04,...,...,...,...,2.00E-04,1,Spitzer
CD-27 10866,-0.36,149.96,K0IV,11,...,...,332,1.70E-04,84,6.20E-04,7.90E-04,1,Spitzer
CD-40 8031,-0.43,97.85,K0IV,16,...,...,466,1.20E-04,109,1.80E-04,3.00E-04,1,Spitzer
CD-46 9327,-0.37,119.87,G9V,16,469,2.80E-04,...,...,...,...,2.80E-04,1,Spitzer
CD-48 3547,...,384.25,A1V,30,...,...,408,1.10E-04,94,1.30E-04,2.40E-04,1,Spitzer
CD-52 2472,-0.3,152.17,G2,50,...,...,499,1.70E-04,39,5.50E-04,7.20E-04,1,Spitzer
CD-52 5008,-0.4,139.95,G2IV,17,...,...,499,5.10E-05,109,1.60E-04,2.11E-04,1,Spitzer
CD-54 4621,-0.55,112.49,K0V,17,...,...,499,1.60E-04,100,2.50E-04,4.10E-04,1,Spitzer
CD-65 149,-0.96,85.98,K0IV,40,500,8.80E-05,...,...,...,...,8.80E-05,1,Spitzer
Cl Melotte 22 250,-0.53,146.18,G2,115,51,5.30E-04,...,...,...,...,5.30E-04,1,Spitzer
CPD-52 6110,-0.34,117.44,K3V,17,...,...,499,2.00E-04,69,4.20E-04,6.20E-04,1,Spitzer
TYC 6191-552-1,-0.59,138.21,K5,11,161,2.60E-04,...,...,...,...,2.60E-04,1,Spitzer
V* AI Lep,-0.61,72.16,G2V,63,67,4.90E-05,...,...,...,...,4.90E-05,1,Spitzer
V* EV Lac,...,5.05,M4.0V,500,22,9.63E-03,...,...,...,...,9.63E-03,32,IRAS
V* RZ Psc,-0.09,186.36,G8V,30,500,4.90E-02,...,...,...,...,4.90E-02,3,WISE
V* TW Hya,-0.51,60.14,K6V,8,140,2.17E-01,...,...,...,...,2.17E-01,5,IRAS
V* V1005 Ori,-0.78,24.4,M0V,50,43,1.30E-03,...,...,...,...,1.30E-03,59,IRAS
V* V421 Car,-0.88,411.34,A8V,150,192,3.40E-05,...,...,...,...,3.40E-05,1,Spitzer
V* V488 Per,-0.03,173.5,K0,85,820,1.60E-01,...,...,...,...,1.60E-01,3,WISE
HD142$^{p}$,-0.51,26.18,F7V,5400,...,8.00E-06,...,...,...,...,8.00E-06,38,Spitzer
HD544,...,402.51,K1/2III,240,...,...,...,...,...,...,...,25,Spitzer
HD2884,-0.15,43.79,B9.5Va,...,90,...,...,...,...,...,...,9,Spitzer
HD3044,-0.01,154.3,G5V,...,...,...,300,...,70,...,1.11E-03,11,WISE
HD4148,-0.58,100.47,F3V,1550,...,...,...,...,...,...,...,25,Spitzer
HD4150,...,75.53,A0IV,325,...,2.24E-06,...,...,...,...,2.24E-06,24,Spitzer
HD4378,...,15.82,K5,...,...,...,...,...,...,...,...,8,Spitzer
HD4881,...,334.95,B9.5V,...,...,...,...,...,...,...,...,26,IRAS
HD5839,...,273.97,B9,...,106,1.55E-03,...,...,...,...,1.55E-03,12,AKARI
HD6028,-0.28,214.54,A3V,...,...,...,...,...,...,...,...,26,IRAS
HD6582,...,7.68,G5V,4898,...,...,...,...,...,...,...,23,Spitzer
HD7151,-0.61,150.19,F6V,...,...,...,...,...,...,...,...,18,IRAS
HD7193,-0.59,34.86,F5,590,...,...,...,...,...,...,...,29,Spitzer
HD9186,-1.37,332.23,B9,...,...,...,...,...,...,...,...,19,AKARI
HD10800,-0.56,27.02,G1V,...,...,...,...,...,...,...,...,18,IRAS
HD11241,0.68,371.14,B1.5V,...,...,...,...,...,...,...,...,26,IRAS
HD11507,...,11.06,M0V,...,135,...,...,...,...,...,...,9,Spitzer
HD12216,-0.79,48.17,A2V,320,...,...,...,...,...,...,...,17,Spitzer
HD13689,-0.33,188.33,A7,...,200,3.51E-04,...,...,...,...,3.51E-04,11,WISE
HD14082,-0.48,39.56,F5V,230,...,...,...,...,...,...,...,29,Spitzer
HD16157,-0.98,11.55,K7V,...,...,...,...,...,...,...,...,21,Spitzer
HD16485,...,336.07,B9V,...,...,...,...,...,...,...,...,19,AKARI
HD16739,-0.11,23.93,F9V,6761,...,...,...,...,...,...,...,23,Spitzer
HD16908,...,189.12,B3V,...,...,1.80E-05,...,...,...,...,1.80E-05,33,IRAS
HD16920,-0.32,49.42,F6V,...,260,2.90E-05,...,...,...,...,2.90E-05,42,Spitzer
HD17081,...,120.48,B7IV,...,...,...,...,...,...,...,...,26,IRAS
HD17206,-0.76,14.28,F7V,300,...,...,...,...,...,...,...,21,Spitzer
HD17706,...,703.28,B5IV,...,...,...,110,...,41,...,1.05E-02,12,AKARI
HD18143,0.35,23.49,K2IV,...,...,...,...,...,...,...,...,23,Spitzer
HD18537,0.56,149.81,B7V,...,81,4.71E-05,...,...,...,...,4.71E-05,12,AKARI
HD19257,-0.69,74.11,A5,...,235,9.59E-04,...,...,...,...,9.59E-04,11,WISE
HD20010,-0.56,14.24,F6V,2700,...,...,...,...,...,...,...,21,Spitzer
HD21362,-1.02,172.83,B6V,80,...,...,...,...,...,...,...,17,Spitzer
HD21377,...,233.6,A0,...,69,8.43E-04,...,...,...,...,8.43E-04,12,AKARI
HD21563,-0.68,191.62,A3/5V,...,...,...,...,...,...,...,...,18,IRAS
HD21856,-0.27,415.54,B1V,...,...,...,...,...,...,...,...,26,IRAS
HD22001,-0.86,21.78,F3IV/V,2800,...,...,...,...,...,...,...,25,Spitzer
HD22627,-0.39,142.73,G0,115,...,1.50E-05,...,...,...,...,1.50E-05,6,Spitzer
HD22680,-0.23,138.05,G,115,...,2.40E-04,...,...,...,...,2.40E-04,6,Spitzer
HD23061,-0.42,137.54,F5V,115,...,1.10E-05,...,...,...,...,1.10E-05,6,Spitzer
HD23156,-0.57,134.9,A7V,...,205,5.18E-04,...,...,...,...,5.18E-04,11,WISE
HD23312,-0.29,140.15,F5,115,...,2.50E-05,...,...,...,...,2.50E-05,6,Spitzer
HD23324,-0.95,138.46,B8V,...,...,...,...,...,...,...,...,26,IRAS
HD23362,0.05,436.03,K4III,...,...,7.90E-04,...,...,...,...,7.90E-04,33,IRAS
HD23432,...,136.89,B8V,...,...,...,...,...,...,...,...,26,IRAS
HD23680,-0.31,222.39,G5,...,...,3.00E-03,...,...,...,...,3.00E-03,33,IRAS
HD23732,-1.76,135.89,F4V,115,...,9.50E-05,...,...,...,...,9.50E-05,6,Spitzer
HD23777,...,317.66,B9,...,79,1.61E-03,...,...,...,...,1.61E-03,12,AKARI
HD23861,...,366.99,A0,...,86,1.14E-02,...,...,...,...,1.14E-02,12,AKARI
HD23862,...,138.09,B8V,125,...,3.14E-04,...,...,...,...,3.14E-04,24,Spitzer
HD23923,-0.76,134,B8V,125,...,...,...,...,...,...,...,17,Spitzer
HD23935,-0.29,138.01,F8,115,...,3.00E-05,...,...,...,...,3.00E-05,6,Spitzer
HD23975,-0.49,138.13,G0,115,...,3.20E-05,...,...,...,...,3.20E-05,6,Spitzer
HD25490,...,35.86,A0.5V,250,...,...,...,...,...,...,...,17,Spitzer
HD26676,...,144.2,B8V,...,...,...,...,...,...,...,...,26,IRAS
HD26912,0.01,155.13,B3IV,...,...,...,...,...,...,...,...,19,AKARI
HD27026,-1,172.92,B9V,...,65,3.51E-04,...,...,...,...,3.51E-04,11,WISE
HD27459,-0.5,47.42,F0IV/V,...,...,9.50E-05,...,...,...,...,9.50E-05,4,ISO
HD27636,...,165.61,A2,...,75,5.48E-04,...,...,...,...,5.48E-04,12,AKARI
HD27638,...,89.26,B9V,...,...,...,200,...,35,...,4.29E-04,11,WISE
HD28001,...,339.06,A4V,...,...,...,...,...,...,...,...,18,IRAS
HD28149,-1.3,125.96,B7V,...,...,...,...,...,...,...,...,26,IRAS
HD28226,-0.55,49.61,A,625,...,3.51E-05,...,...,...,...,3.51E-05,24,Spitzer
HD28266,...,824.2,K2III,625,...,3.40E-04,...,...,...,...,3.40E-04,51,Spitzer
HD28375,-1.24,156.23,B5III/IV,...,119,2.96E-04,...,...,...,...,2.96E-04,12,AKARI
HD28527,-0.54,45.07,A6IV,625,...,6.27E-06,...,...,...,...,6.27E-06,24,Spitzer
HD28978,...,135.31,A2IV,...,...,...,...,...,...,...,...,26,IRAS
HD29391$^{p}$,-0.72,29.91,F0IV,...,...,2.30E-06,...,...,...,...,2.30E-06,52,Herschel
HD29733,...,438.56,A0,...,70,5.17E-03,...,...,...,...,5.17E-03,12,AKARI
HD29875,-0.57,20.17,F2V,1500,...,...,...,...,...,...,...,8,Spitzer
HD30051,-0.46,69.1,F2/3IV/V,...,40,2.81E-05,...,...,...,...,2.81E-05,53,Herschel
HD30727,-0.66,173.92,A8/9V,...,...,...,170,...,30,...,2.11E-03,11,WISE
HD31648,...,156.22,A5V,...,...,...,...,...,...,...,...,26,IRAS
HD31925,...,40.47,F5,...,...,...,...,...,...,...,...,18,IRAS
HD32509,-1.12,169.03,A2,...,...,...,...,...,...,...,...,19,AKARI
HD32722,-0.16,141.58,F8V,...,...,...,220,...,50,...,5.38E-03,11,WISE
HD33002,-1.13,208.29,B9,...,...,...,107,...,45,...,3.48E-03,12,AKARI
HD33254,-0.38,53.27,A2,625,...,6.07E-06,...,...,...,...,6.07E-06,24,Spitzer
HD33564$^{p}$,-0.25,20.79,F7V,2000,...,...,...,...,...,...,...,21,Spitzer
HD33949,...,223.21,B7V,120,...,...,...,...,...,...,...,21,Spitzer
HD34233,0.46,312.63,B5V,...,...,...,...,...,...,...,...,26,IRAS
HD34282,...,308.61,B9.5V,...,...,3.90E-01,...,...,...,...,3.90E-01,33,IRAS
HD34700,-0.67,350.48,G0IV,...,...,1.50E-01,...,...,...,...,1.50E-01,33,IRAS
HD34751,0,20.42,K6V,...,...,...,...,...,...,...,...,8,Spitzer
HD34890,...,386.26,B9IV/V,...,...,...,...,...,...,...,...,19,AKARI
HD35187,...,114.16,A2,...,...,1.40E-01,...,...,...,...,1.40E-01,33,IRAS
HD35532,-1.05,336.3,B2V,...,...,...,...,...,...,...,...,26,IRAS
HD35671,...,197.47,B5V,...,...,...,...,...,...,...,...,26,IRAS
HD35996,-0.49,92.1,F3/5IV/V,...,135,1.00E-04,...,...,...,...,1.00E-04,15,Herschel
HD36267,0.21,92.85,B5IV,1,...,...,...,...,...,...,...,21,Spitzer
HD36695,0.75,441.42,B1V,...,...,...,...,...,...,...,...,26,IRAS
HD37394,-0.29,12.27,K1,851,...,...,...,...,...,...,...,23,Spitzer
HD38385,-0.6,53.03,F3V,...,...,...,...,...,...,...,...,18,IRAS
HD38402,...,343.91,B8,...,85,7.69E-04,...,...,...,...,7.69E-04,12,AKARI
HD38905,-0.04,138.98,F6/7V,...,...,...,...,...,...,...,...,18,IRAS
HD39014,-0.94,45.87,A7V,590,...,...,...,...,...,...,...,21,Spitzer
HD39415,...,351.21,F5V,...,...,...,...,...,...,...,...,19,AKARI
HD39944,-0.59,143.73,G1V,...,...,...,...,...,...,...,...,18,IRAS
HD40932,...,47.51,A1V,670,...,...,...,...,...,...,...,21,Spitzer
HD40979$^{p}$,-0.31,33.98,F8,2700,...,1.20E-05,...,...,...,...,1.20E-05,13,Spitzer
HD41511,...,279.78,A3,...,...,...,...,...,...,...,...,26,IRAS
HD41742,-0.62,27.95,F5.5V,...,...,...,...,...,...,...,...,18,IRAS
HD41814,...,361.77,B3V,17,...,...,...,...,...,...,...,21,Spitzer
HD42111,...,177.53,B9V,0,...,1.00E-05,...,...,...,...,1.00E-05,55,Spitzer
HD42137,...,369.55,K3/4V,...,...,...,...,...,...,...,...,18,IRAS
HD43162,-0.05,16.7,G6.5V,282,...,1.00E-05,...,...,...,...,1.00E-05,2313,Spitzer
HD43954,...,308.9,A0V,...,...,...,...,...,...,...,...,18,IRAS
HD43955,0.01,285.94,B2/3V,...,...,...,...,...,...,...,...,18,IRAS
HD44627$^{p}$,-0.59,50.14,K1V,...,30,3.60E-05,...,...,...,...,3.60E-05,11,WISE
HD44892,...,191,A9,...,...,...,...,...,...,...,...,19,AKARI
HD46171,-0.6,142.14,F3V,...,...,...,...,...,...,...,...,18,IRAS
HD46375A$^{p}$,0.06,29.52,G9V,10700,...,2.30E-04,...,...,...,...,2.30E-04,13,Spitzer
HD48189,...,21.88,G1/2V,105,...,...,...,...,...,...,...,23,Spitzer
HD48370,-0.39,35.95,K0V,4,41,5.60E-04,...,...,...,...,5.60E-04,15,Herschel
HD48808,...,639.59,B9,...,67,9.86E-04,...,...,...,...,9.86E-04,12,AKARI
HD49336,0.08,462.53,B6V,...,...,...,...,...,...,...,...,18,IRAS
HD49601,...,18.65,K6V,1200,...,1.20E-04,...,...,...,...,1.20E-04,8,Spitzer
HD49662,0.28,162.07,B7IV,...,...,1.10E-03,...,...,...,...,1.10E-03,33,IRAS
HD50499$^{p}$,-0.04,46.3,G0/2V,3320,...,1.30E-05,...,...,...,...,1.30E-05,13,Spitzer
HD50506,0.05,120.73,A3/5III,...,...,...,...,...,...,...,...,19,AKARI
HD52140,...,244.65,B3V,...,...,...,...,...,...,...,...,18,IRAS
HD53376,-0.25,200.9,F3/5V,...,...,...,...,...,...,...,...,18,IRAS
HD53833,-0.66,278.17,A9,...,...,...,...,...,...,...,...,18,IRAS
HD54096,-0.24,191.33,F5V,...,...,...,...,...,...,...,...,18,IRAS
HD56192,-0.83,338.21,B9,...,...,...,...,...,...,...,...,18,IRAS
HD58715,...,49.58,B8V,...,260,1.57E-04,...,...,...,...,1.57E-04,11,WISE
HD59509,...,4780.11,F8,...,93,3.22E-03,...,...,...,...,3.22E-03,12,AKARI
HD59543,-1.29,1013.99,B3IV/V,...,98,7.84E-04,...,...,...,...,7.84E-04,12,AKARI
HD60491,-0.21,23.46,K1V,83,...,1.90E-04,...,...,...,...,1.90E-04,23,Spitzer
HD60842,-0.25,392.96,A2/3V,...,...,...,...,...,...,...,...,18,IRAS
HD60856,0.2,465.72,B5V,100,...,...,...,...,...,...,...,17,Spitzer
HD61712,-0.78,476.05,B7/8V,...,...,...,...,...,...,...,...,18,IRAS
HD61950$^{g}$,...,386.12,B8V,...,...,1.40E-04,...,...,...,...,1.40E-04,18,IRAS
HD62952,-0.1,67.75,F2V,800,...,...,...,...,...,...,...,19,AKARI
HD64145,...,55.44,A5IV,...,...,...,...,...,...,...,...,19,AKARI
HD65372,...,233.26,A3III,...,...,...,...,...,...,...,...,19,AKARI
HD66591,-1.34,153.14,B4V,...,...,...,...,...,...,...,...,18,IRAS
HD67199,-0.14,17.28,K2V,...,...,...,...,...,...,...,...,18,IRAS
HD68114,-0.6,379.65,A0V,25,...,...,...,...,...,...,...,17,Spitzer
HD68115,...,387.49,A0V,25,...,...,...,...,...,...,...,17,Spitzer
HD68294,-0.17,538.01,A0V,25,...,...,...,...,...,...,...,17,Spitzer
HD68456,-0.86,27.59,F6V,1700,...,...,...,...,...,...,...,21,Spitzer
HD68478,...,378.85,B3III/IV,...,...,...,105,...,37,...,5.07E-04,12,AKARI
HD68496,...,396.78,B5/7V,...,82,5.18E-03,...,...,...,...,5.18E-03,12,AKARI
HD68558,-0.13,386.56,A0V,25,...,...,...,...,...,...,...,17,Spitzer
HD69897,-0.59,18.22,F6V,3300,...,...,...,...,...,...,...,19,AKARI
HD71397,-0.32,249.8,F3V,...,...,...,...,...,...,...,...,18,IRAS
HD72106,...,278.55,A0IV,...,194,4.73E-02,...,...,...,...,4.73E-02,12,AKARI
HD73390,-0.55,251.26,B4V,...,...,...,...,...,...,...,...,18,IRAS
HD73526$^{p}$,0.2,96.8,G6V,4800,...,1.70E-04,...,...,...,...,1.70E-04,13,Spitzer
HD74956,...,24.7,A2IV,350,...,...,...,...,...,...,...,21,Spitzer
HD75732$^{p}$,0.28,12.59,K0IV/V,5010,...,...,...,...,...,...,...,57,ISO
HD77175,...,...,K5,1000,...,...,...,...,...,...,...,8,Spitzer
HD77327,...,109.89,A1V,120,...,...,...,...,...,...,...,17,Spitzer
HD78072,-0.37,98.02,F6V,...,...,2.50E-04,...,...,...,...,2.50E-04,55,Spitzer
HD79469,...,36.94,B9.5V,180,...,...,...,...,...,...,...,17,Spitzer
HD80459,...,425.93,B6V,...,...,...,...,...,...,...,...,18,IRAS
HD80951,...,107.53,A1V,...,...,...,...,...,...,...,...,18,IRAS
HD81335,...,675.9,A0III/IV,...,77,3.78E-03,...,...,...,...,3.78E-03,12,AKARI
HD84117,-0.46,14.95,F9V,1900,...,...,...,...,...,...,...,21,Spitzer
HD86836,-0.99,217.77,A3V,...,...,...,350,...,65,...,2.94E-03,11,WISE
HD89125A,...,22.27,F6V,6500,...,1.90E-05,...,...,...,...,1.90E-05,19,AKARI
HD92467,-0.99,157.34,B9.5V,50,...,...,...,...,...,...,...,17,Spitzer
HD93331,-1.3,166.61,B9.5V,...,...,...,...,...,...,...,...,18,IRAS
HD93942,0.11,584.42,A1V,...,...,...,...,...,...,...,...,19,AKARI
HD94893,-0.67,105.95,F0V,...,135,1.06E-03,...,...,...,...,1.06E-03,11,WISE
HD95650,-0.41,11.94,M1.0V,...,150,...,...,...,...,...,...,9,Spitzer
HD97584,-0.25,14.46,K4V,800,...,...,...,...,...,...,...,8,Spitzer
HD97633,...,50.61,A2IV,550,...,7.09E-06,...,...,...,...,7.09E-06,24,Spitzer
HD99022,...,216.42,A3/5,...,...,...,...,...,...,...,...,19,AKARI
HD99046,-0.67,161.61,F0V,...,...,...,...,...,...,...,...,18,IRAS
HD100786,-0.52,178.64,A5V,10,...,...,...,...,...,...,...,18,IRAS
HD101088,...,101.48,F5IV,...,...,...,200,...,40,...,1.54E-04,11,WISE
HD101563,-0.61,43.26,G2III/IV,4800,...,...,...,...,...,...,...,19,AKARI
HD102323,...,632.31,A2IV,...,...,...,...,...,...,...,...,19,AKARI
HD103932,0.02,10.17,K4V,...,...,...,...,...,...,...,...,8,Spitzer
HD104304,-0.18,12.77,G8IV,...,...,...,...,...,...,...,...,8,Spitzer
HD105209,...,331.93,A1V,...,...,...,...,...,...,...,...,19,AKARI
HD105234,-0.77,102.97,A9III/IV,...,295,1.27E-03,...,...,...,...,1.27E-03,11,WISE
HD105686,0.65,98.81,A0V,...,...,...,...,...,...,...,...,18,IRAS
HD106252$^{p}$,-0.26,38.1,G0,...,120,3.70E-05,...,...,...,...,3.70E-05,11,WISE
HD107067,-0.55,95.53,F8,1660,...,1.15E-03,...,...,...,...,1.15E-03," 23,4 ",ISO
HD107439,-0.73,2016.13,B5III,...,...,...,...,...,...,...,...,18,IRAS
HD108102,-0.37,86.25,F8,100,...,5.90E-04,...,...,...,...,5.90E-04," 23,4 ",ISO
HD108382,...,83.76,A4V,500,...,4.23E-06,...,...,...,...,4.23E-06,24,Spitzer
HD108483,0.79,126.26,B2V,...,...,...,...,...,...,...,...,18,IRAS
HD108651,-0.54,71.56,A2,...,...,1.30E-04,...,...,...,...,1.30E-04,4,ISO
HD111161$^{r}$,-0.15,109.37,A3III/IV,...,...,5.50E-04,...,...,...,...,5.50E-04,64,WISE
HD111786,...,62.14,F0V,200,...,2.95E-05,...,...,...,...,2.95E-05,24,Spitzer
HD112060,...,44.63,G9V,...,...,...,...,...,...,...,...,19,AKARI
HD112532,...,119.7,A0V,...,140,8.44E-04,...,...,...,...,8.44E-04,11,WISE
HD113766A,-1.19,108.9,F3/5V,16,...,...,...,...,...,...,...,27,Spitzer
HD114613$^{p}$,...,20.46,G3V,7800,...,...,...,...,...,...,...,29,Spitzer
HD114981,...,655.65,B5V,...,...,...,...,...,...,...,...,18,IRAS
HD116649,...,125.01,A0V,...,170,1.93E-04,...,...,...,...,1.93E-04,11,WISE
HD117360,-1,34.58,F8V,...,...,...,...,...,...,...,...,18,IRAS
HD118938,...,454.32,K0,...,500,3.30E-05,...,...,...,...,3.30E-05,1,Spitzer
HD118978,...,245.3,B9III,...,...,...,...,...,...,...,...,19,AKARI
HD119332,...,23.89,K0IV/V,...,...,7.10E-05,...,...,...,...,7.10E-05,23,Spitzer
HD120095,...,328.97,B9,...,...,...,...,...,...,...,...,18,IRAS
HD120780,-0.75,16.44,K0V,...,...,...,...,...,...,...,...,19,AKARI
HD121847,-0.97,102.04,B8V,...,...,...,...,...,...,...,...,18,IRAS
HD122106,-0.67,86.13,F6V,...,...,...,...,...,...,...,...,23,IRAS
HD122408,...,68.97,A2IV/V,310,...,...,...,...,...,...,...,17,Spitzer
HD123160,...,596.62,K5III,...,...,4.40E-03,...,...,...,...,4.40E-03,33,IRAS
HD123247,-0.16,97.6,B9.5V,...,...,...,...,...,...,...,...,18,IRAS
HD123356,...,1010.49,G1V,...,...,...,...,...,...,...,...,18,IRAS
HD124771,...,197.63,B3V,...,...,...,...,...,...,...,...,26,IRAS
HD128760,-0.24,62.64,F8,...,...,...,...,...,...,...,...,18,IRAS
HD129364,-0.79,179.31,F5V,...,...,...,...,...,...,...,...,18,IRAS
HD130299,0.07,112.55,G5,...,225,6.18E-04,...,...,...,...,6.18E-04,11,WISE
HD130693,...,58.95,G8IV,50,...,5.80E-04,...,...,...,...,5.80E-04,34,IRAS
HD131496$^{p}$,-0.2,132.5,K0,...,70,1.60E-05,...,...,...,...,1.60E-05,11,WISE
HD131607,-0.42,134.06,F5/6V,...,215,5.76E-04,...,...,...,...,5.76E-04,11,WISE
HD131885,-1.49,122.45,A0V,...,...,...,...,...,...,...,...,18,IRAS
HD132052,...,27.51,F2V,...,...,...,...,...,...,...,...,32,WISE
HD132899,0.42,24.57,K4.5V,750,...,...,...,...,...,...,...,8,Spitzer
HD133981,0.5,262.55,B8/9III,...,27,5.97E-04,...,...,...,...,5.97E-04,12,AKARI
HD134060$^{p}$,-0.18,24.03,G0V,9000,...,...,...,...,...,...,...,19,AKARI
HD134319$^{p}$,-0.34,45.74,G5V,500,...,1.60E-04,...,...,...,...,1.60E-04,4,ISO
HD134910,-0.34,142.68,G0,...,115,6.25E-03,...,...,...,...,6.25E-03,11,WISE
HD135344,...,134.94,A0V,...,...,6.40E-01,...,...,...,...,6.40E-01,33,IRAS
HD136202,-0.44,25.13,F8IV,...,...,...,...,...,...,...,...,8,Spitzer
HD137372,-0.21,320.82,G5,...,500,1.30E-04,...,...,...,...,1.30E-04,1,Spitzer
HD137751,-0.25,184.72,F6V,...,...,...,...,...,...,...,...,18,IRAS
HD137759$^{p}$,...,31.03,K2III,1150,...,4.30E-06,...,...,...,...,4.30E-06,13,Spitzer
HD138276,-1,123.24,B9/9.5V,...,150,3.54E-04,...,...,...,...,3.54E-04,11,WISE
HD139365,...,112.49,B2.5V,...,...,...,...,...,...,...,...,18,IRAS
HD139450,-0.41,68.56,G0/1V,...,...,...,...,...,...,...,...,18,IRAS
HD139614,-0.78,133.62,A9V,...,...,...,...,...,...,...,...,18,IRAS
HD139798,...,36.1,F2V,...,...,3.30E-05,...,...,...,...,3.30E-05,4,ISO
HD141004$^{p}$,...,11.92,G0V,...,33,7.60E-07,...,...,...,...,7.60E-07,20,Herschel
HD141133,-0.55,113.44,F2/3V,11,63,1.18E-03,...,...,...,...,1.18E-03,12,AKARI
HD141227,-0.45,146.26,F5V,...,180,1.64E-03,...,...,...,...,1.64E-03,11,WISE
HD141518,-0.49,108.19,F3V,...,250,3.23E-04,...,...,...,...,3.23E-04,11,WISE
HD141891,...,12.38,F1V,674,...,...,...,...,...,...,...,8,Spitzer
HD142096,-1,135.35,B3V,...,...,...,...,...,...,...,...,18,IRAS
HD142105,0.13,113.12,A3V,180,...,...,...,...,...,...,...,17,Spitzer
HD142114,0.22,154.08,B2.5V,...,...,...,...,...,...,...,...,18,IRAS
HD142165,0.74,137.4,B5V,...,...,...,...,...,...,...,...,18,IRAS
HD142184,-0.7,143.06,B2V,...,500,3.80E-04,...,...,...,...,3.80E-04,11,WISE
HD142666,-0.92,146.25,F0V,...,...,3.40E-01,...,...,...,...,3.40E-01,33,IRAS
HD142764,...,868.73,K4/5,...,...,1.70E-03,...,...,...,...,1.70E-03,33,IRAS
HD142860,-0.35,11.25,F6V,1600,...,...,...,...,...,...,...,21,Spitzer
HD143006,-0.62,167.34,G5IV,...,...,5.60E-01,...,...,...,...,5.60E-01,33,IRAS
HD143018,...,179.53,B1V,...,...,...,...,...,...,...,...,18,IRAS
HD144113,-0.22,140.56,A3IV/V,...,185,4.55E-04,...,...,...,...,4.55E-04,11,WISE
HD144432,...,154.84,A9,...,...,4.80E-01,...,...,...,...,4.80E-01,33,IRAS
HD144691,-0.65,126.11,A9V,...,130,1.67E-03,...,...,...,...,1.67E-03,11,WISE
HD145101,-0.82,138.49,A3IV/V,...,160,1.01E-03,...,...,...,...,1.01E-03,11,WISE
HD145482,0.63,147.39,B2V,...,...,...,...,...,...,...,...,18,IRAS
HD145958,0.02,23.58,G9V,...,...,...,...,...,...,...,...,8,Spitzer
HD146055,...,154.12,B9V,...,...,...,...,...,...,...,...,19,AKARI
HD147084,-1.35,269.54,A5II,...,...,...,...,...,...,...,...,39,IRAS
HD147196,...,138.03,B6.5V,...,210,9.36E-04,...,...,...,...,9.36E-04,11,WISE
HD147558,-0.08,122.68,F0V,...,180,4.93E-04,...,...,...,...,4.93E-04,11,WISE
HD149914,...,154.37,B9.5IV,...,78,1.01E-03,...,...,...,...,1.01E-03,12,AKARI
HD150193,-1.49,150.8,B9.5V,...,...,...,...,...,...,...,...,18,IRAS
HD150397,-1.01,192.26,G0,...,200,7.54E-04,...,...,...,...,7.54E-04,11,WISE
HD150638,-0.79,153.04,B8V,...,87,5.37E-04,...,...,...,...,5.37E-04,12,AKARI
HD152614,-0.96,75.19,B8V,...,...,...,...,...,...,...,...,19,AKARI
HD153026,...,19.11,K4.5V,...,...,...,...,...,...,...,...,8,Spitzer
HD153597,-1.06,15.26,F8V,1700,...,...,...,...,...,...,...,29,Spitzer
HD153808,-0.1,47.53,A0V,215,...,...,...,...,...,...,...,17,Spitzer
HD153968,...,535.5,F0V,...,...,...,...,...,...,...,...,18,IRAS
HD154002,...,294.07,B9,...,71,1.74E-03,...,...,...,...,1.74E-03,12,AKARI
HD155401,-0.97,140.42,B9V,...,...,...,...,...,...,...,...,19,AKARI
HD155826,...,32.89,G0V,...,...,...,...,...,...,...,...,26,IRAS
HD157587$^{r}$,-0.33,99.87,F5V,...,80,3.54E-03,...,...,...,...,3.54E-03,11,WISE
HD158233,-0.18,18.39,K5V,300,...,...,...,...,...,...,...,8,Spitzer
HD158643$^{g}$,...,124.38,A0V,1,...,2.80E-02,...,...,...,...,2.80E-02,33,IRAS
HD159525,...,228.12,A1IV/V,...,62,8.70E-04,...,...,...,...,8.70E-04,12,AKARI
HD160305,-0.35,65.8,F8,...,43,1.20E-04,...,...,...,...,1.20E-04,15,Herschel
HD160682,-0.27,87.15,G5V,...,125,1.89E-03,...,...,...,...,1.89E-03,11,WISE
HD160691$^{p}$,-0.02,15.6,G3IV/V,6200,...,...,...,...,...,...,...,21,Spitzer
HD160959,-0.76,141.76,F0V,...,195,9.00E-04,...,...,...,...,9.00E-04,11,WISE
HD161840,...,170.65,B8Ib/II,...,...,...,...,...,...,...,...,19,AKARI
HD163422,...,234.81,B9,...,74,6.04E-04,...,...,...,...,6.04E-04,12,AKARI
HD164029,...,766.52,G6V,...,...,...,484,3.80E-03,499,7.80E-20,3.80E-03,1,Spitzer
HD164330,0.03,75.76,K0,...,40,1.01E-03,...,...,...,...,1.01E-03,11,WISE
HD165014,...,972.29,F2V,...,...,...,...,...,...,...,...,19,AKARI
HD165088,-0.83,205.4,F5V,...,...,...,...,...,...,...,...,18,IRAS
HD166014,...,103.63,B9.5III,100,...,...,...,...,...,...,...,17,Spitzer
HD166841$^{g}$,...,256.49,B8/9V,...,...,1.10E-04,...,...,...,...,1.10E-04,18,IRAS
HD167905,...,1405.88,F3V,...,...,...,...,...,...,...,...,19,AKARI
HD168161,-1.5,...,F6V,...,275,7.00E-06,...,...,...,...,7.00E-06,11,WISE
HD169142$^{p}$,-1.88,114.87,F1V,...,...,8.80E-02,...,...,...,...,8.80E-02,33,IRAS
HD170116,-0.24,189.06,A0/1V,...,67,3.13E-03,...,...,...,...,3.13E-03,12,AKARI
HD172776,...,780.94,B9V,...,...,...,...,...,...,...,...,18,IRAS
HD172958,-0.65,235.72,B8V,...,...,...,...,...,...,...,...,26,IRAS
HD173117,...,342.84,B8III,...,...,...,...,...,...,...,...,26,IRAS
HD173739,-0.1,3.52,M3V,...,...,...,...,...,...,...,...,25,Spitzer
HD175427,...,194.93,A0IV,...,72,2.10E-03,...,...,...,...,2.10E-03,12,AKARI
HD175623,-0.28,318.96,B8II/III,...,75,1.68E-03,...,...,...,...,1.68E-03,12,AKARI
HD176269,-1.49,153.37,B9V,...,...,...,...,...,...,...,...,18,IRAS
HD176363,-1,457.44,A2V,...,...,...,...,...,...,...,...,18,IRAS
HD177996,-0.56,33.05,K1V,300,...,4.70E-05,...,...,...,...,4.70E-05,4,ISO
HD178911B$^{p}$,...,49.43,G1V,2700,...,3.60E-05,...,...,...,...,3.60E-05,13,Spitzer
HD184006$^{g}$,...,37.2,A5V,430,...,...,...,...,...,...,...,62,Spitzer
HD184800,-0.37,331.61,A8/9V,...,...,...,...,...,...,...,...,18,IRAS
HD184960,-0.4,25.43,F7V,...,...,1.00E-04,...,...,...,...,1.00E-04,4,ISO
HD185507,0.15,240.63,B3V,...,...,...,...,...,...,...,...,26,IRAS
HD187085$^{p}$,-0.22,45.78,G0V,4280,...,1.80E-05,...,...,...,...,1.80E-05,13,Spitzer
HD187748,-0.36,27.44,G0,3200,...,...,...,...,...,...,...,19,AKARI
HD188324,-0.49,332.73,G5,...,87,1.79E-05,...,...,...,...,1.79E-05,28,Herschel
HD189567$^{p}$,-0.62,17.93,G2V,4500,...,...,...,...,...,...,...,25,Spitzer
HD190228$^{p}$,-0.49,62.9,G5IV,...,...,...,350,...,50,...,4.68E-04,11,WISE
HD190580,...,54.52,G3V,2800,...,...,...,...,...,...,...,19,AKARI
HD191408,...,6.01,K2.5V,10670,...,...,...,...,...,...,...," 45,13 ",Spitzer
HD191470,-0.22,269.18,F8,...,200,4.21E-04,...,...,...,...,4.21E-04,11,WISE
HD191499,-0.48,23.66,G9V,...,...,...,...,...,...,...,...,8,Spitzer
HD191849,-1.41,6.16,M0V,1000,...,...,...,...,...,...,...,25,Spitzer
HD193307,-0.73,31.22,F9V,9100,...,...,...,...,...,...,...,19,AKARI
HD197989,...,22.29,K0III,...,...,...,...,...,...,...,...,8,Spitzer
HD198739,-0.99,445.73,B8,...,81,1.18E-03,...,...,...,...,1.18E-03,12,AKARI
HD200800,0.14,126.71,A3V,...,...,...,...,...,...,...,...,21,Spitzer
HD200968,0,17.57,K1V,1250,...,...,...,...,...,...,...,8,Spitzer
HD201091,0.22,3.5,K5V,1400,...,...,...,...,...,...,...,26,IRAS
HD201469,...,692.95,B9,...,98,9.74E-04,...,...,...,...,9.74E-04,12,AKARI
HD202275,...,18.49,F7,4900,...,...,...,...,...,...,...,26,IRAS
HD202560,...,3.97,M1V,4780,...,...,...,...,...,...,...,25,Spitzer
HD202628$^{r}$,-0.48,23.79,G5V,1900,...,1.40E-04,...,...,...,...,1.40E-04,29,Spitzer
HD203608,-0.81,9.26,F9V,...,...,...,...,...,...,...,...,18,IRAS
HD206310,-0.64,165.17,F3V,...,...,...,...,...,...,...,...,18,IRAS
HD206374,-0.27,27.16,G6.5V,1000,...,3.16E-05,...,...,...,...,3.16E-05,46,Spitzer
HD207575,-0.36,46.76,F6V,30,...,...,...,...,...,...,...,29,Spitzer
HD208038,-0.2,23.24,K2.5V,182,...,1.90E-04,...,...,...,...,1.90E-04,8,Spitzer
HD210681,...,66.08,K0III,...,59,5.13E-04,...,...,...,...,5.13E-04," 5,61 ",IRAS
HD212097,...,221.23,B9III,...,...,...,...,...,...,...,...,48,IRAS
HD212283,-0.15,200.08,F3/5V,...,...,...,...,...,...,...,...,18,IRAS
HD212883,...,458.72,B2V,...,...,...,...,...,...,...,...,26,IRAS
HD213632,0.77,617.93,B9,...,69,1.09E-03,...,...,...,...,1.09E-03,12,AKARI
HD213976,...,485.37,B1.5V,...,53,4.14E-04,...,...,...,...,4.14E-04,12,AKARI
HD214953,-0.25,23.82,F9.5V,...,...,...,...,...,...,...,...,18,IRAS
HD215152$^{p}$,-0.07,21.58,K3V,4260,...,7.40E-05,...,...,...,...,7.40E-05,8,Spitzer
HD215592,-1.75,385.94,A0,...,...,...,...,...,...,...,...,19,AKARI
HD216803,-0.18,7.6,K4V,200,...,2.00E-06,...,...,...,...,2.00E-06," 20,13 ",Herschel
HD218203,-0.21,95.36,G5V,...,210,5.95E-04,...,...,...,...,5.95E-04,11,WISE
HD219634,-0.34,1565.19,B0V,...,...,...,...,...,...,...,...,26,IRAS
HD221354,-0.36,16.84,K0V,1500,...,...,...,...,...,...,...,21,Spitzer
HD222173,...,153.14,B8V,...,...,...,...,...,...,...,...,19,AKARI
HD223575,-0.77,254.45,G2V,...,500,1.20E-04,...,...,...,...,1.20E-04,1,Spitzer
HD223778,-0.45,10.9,K3V,...,...,...,...,...,...,...,...,8,Spitzer
HD223884$^{g}$,0.71,104.35,A5V,6,...,...,...,...,...,...,...,62,Spitzer
HD224392,-1.11,48.97,A1V,...,...,...,...,...,...,...,...,18,IRAS
HD224648,...,389.32,B9,...,103,5.32E-04,...,...,...,...,5.32E-04,12,AKARI
HD224953,...,15.33,K5,...,...,...,...,...,...,...,...,8,Spitzer
HD225132,-0.88,83.47,B9IV,...,...,...,...,...,...,...,...,19,AKARI
HD228583,-0.19,115.12,G0,...,300,5.40E-04,...,...,...,...,5.40E-04,11,WISE
HD228897A,0.21,68.5,...,...,195,1.27E-03,...,...,...,...,1.27E-03,11,WISE
HD232344,...,1803.75,B5,...,...,...,206,...,54,...,1.53E-02,12,AKARI
HD233517,...,867,K2,...,...,7.70E-02,...,...,...,...,7.70E-02,33,IRAS
HD269469,-0.33,99.28,K7,...,230,7.77E-04,...,...,...,...,7.77E-04,11,WISE
HD278507,-0.31,325.85,F8,...,195,1.01E-03,...,...,...,...,1.01E-03,11,WISE
HD278932,-0.61,291.56,G5,...,...,...,75,...,60,...,4.66E-03,11,WISE
HD279128,...,1252.98,B9,...,...,...,...,...,...,...,...,19,AKARI
HD281683,-0.69,159.46,F5,...,220,4.52E-04,...,...,...,...,4.52E-04,11,WISE
HD281691,-0.52,108.64,G8III,30,46,...,...,...,...,...,...,50,Spitzer
HD282965,-0.42,140.4,F9V,115,...,9.50E-06,...,...,...,...,9.50E-06,6,Spitzer
HD283759,-0.71,162.79,F2,...,70,9.94E-03,...,...,...,...,9.94E-03,11,WISE
HD308379,-0.88,184.11,F5,...,185,7.61E-04,...,...,...,...,7.61E-04,11,WISE
HD319139,-0.35,71.48,K5,...,...,...,200,...,80,...,1.65E-01,11,WISE
HD323410,-0.42,105.57,G0,...,215,4.70E-04,...,...,...,...,4.70E-04,11,WISE
HD330478,0.27,97.36,K5,...,220,1.84E-03,...,...,...,...,1.84E-03,11,WISE
HD340345,...,20.4,M1V,...,...,...,...,...,...,...,...,8,Spitzer
HD344593,...,397.47,K6,...,405,8.50E-03,...,...,...,...,8.50E-03,1,Spitzer
[PBB2002] USco J155706.4-220606,...,145.33,M4,...,240,3.99E-02,...,...,...,...,3.99E-02,11,WISE
2MASS J03450400+2515282,-0.08,134.62,...,115,54,2.90E-04,...,...,...,...,2.90E-04,1,Spitzer
2MASS J16101264-2104446,-0.48,154.63,K3IV,...,...,...,120,...,70,...,3.46E-01,11,WISE
2MASS J19074774+4249180,-0.32,429.3,G5V,...,293,8.26E-04,...,...,...,...,8.26E-04,2,WISE
2MASS J19155620+4302219,-0.42,851.43,G2V,...,280,9.60E-04,...,...,...,...,9.60E-04,2,WISE
2MASS J19241744+4742588,-0.11,686.72,...,...,341,1.66E-03,...,...,...,...,1.66E-03,2,WISE
2MASS J19370349+4943586,-0.42,496.08,G5,...,336,1.35E-03,...,...,...,...,1.35E-03,2,WISE
2MASS J19421478+4838417,-0.23,479.09,...,...,265,2.64E-03,...,...,...,...,2.64E-03,2,WISE
Ass Cha T 2-21,...,178.04,G5V,...,...,2.50E-02,...,...,...,...,2.50E-02,4,ISO
Ass Cha T 2-54,...,191.2,G8,...,...,1.30E-02,...,...,...,...,1.30E-02,4,ISO
BD+00 3170,...,855.8,K2,...,500,5.10E-04,...,...,...,...,5.10E-04,1,Spitzer
BD+14 466,0.05,67.34,K0,...,52,7.56E-04,...,...,...,...,7.56E-04," 5,61 ",IRAS
BD+19 605,-0.34,143.31,...,115,...,6.30E-05,...,...,...,...,6.30E-05,6,Spitzer
BD+21 2486,-0.96,18.8,K4V,...,58,1.40E-04,...,...,...,...,1.40E-04,1,Spitzer
BD+21 504,-0.27,127.48,G0,115,...,1.00E-05,...,...,...,...,1.00E-05,6,Spitzer
BD+21 508,-0.29,134.99,F8,115,...,2.40E-05,...,...,...,...,2.40E-05,6,Spitzer
BD+22 521,-0.14,135.35,F8,115,...,1.50E-05,...,...,...,...,1.50E-05,6,Spitzer
BD+22 553,-0.28,152.28,...,115,...,1.60E-05,...,...,...,...,1.60E-05,6,Spitzer
BD+23 3151,...,22.16,M0.5V,...,...,...,...,...,...,...,...,8,Spitzer
BD+28 4660,-0.51,19.91,K6V,150,...,1.90E-04,...,...,...,...,1.90E-04,8,Spitzer
BD+39 2801,...,23.95,K7V,...,...,1.60E-04,...,...,...,...,1.60E-04,8,Spitzer
BD+40 2208,-0.05,32.51,K4V,...,90,...,...,...,...,...,...,9,Spitzer
BD+42 3926,-0.45,179.21,G0V,...,235,1.02E-03,...,...,...,...,1.02E-03,11,WISE
BD+45 598$^{r}$,-0.48,73.27,K0,23,...,6.00E-04,...,...,...,...,6.00E-04,63,IRAS
BD+60 854,...,317.37,F0,...,260,7.19E-04,...,...,...,...,7.19E-04,11,WISE
BD+65 1531,-0.04,333.5,G5,...,75,1.99E-03,...,...,...,...,1.99E-03,11,WISE
BD+67 167,-0.49,313.43,B8,...,136,4.89E-04,...,...,...,...,4.89E-04,12,AKARI
BD-04 3234,-0.12,244.33,...,150,680,1.00E-02,...,...,...,...,1.00E-02,3,WISE
BD-07 4003$^{pr}$,-0.85,6.3,M3V,...,...,1.20E-05,...,...,...,...,1.20E-05,13,Spitzer
BD-20 951,...,62.16,...,...,33,2.20E-04,...,...,...,...,2.20E-04,15,Herschel
CD-25 8020,0.01,90.35,...,...,240,5.11E-04,...,...,...,...,5.11E-04,11,WISE
CD-29 5938,-1,1588.56,B8,...,86,1.35E-02,...,...,...,...,1.35E-02,12,AKARI
CD-30 19671,-0.65,903.1,G2,...,500,1.10E-04,...,...,...,...,1.10E-04,1,Spitzer
CD-32 11389,...,22.02,K8V,...,...,...,...,...,...,...,...,8,Spitzer
CD-34 7390A,-0.38,59.85,M1V,10,...,8.60E-04,...,...,...,...,8.60E-04,16,Spitzer
CD-34 7390B,...,59.83,M1V,10,...,8.90E-04,...,...,...,...,8.90E-04,16,Spitzer
CD-35 10514,-0.26,163.95,F5,...,240,3.98E-04,...,...,...,...,3.98E-04,11,WISE
CD-48 3537,-0.58,384.36,A3IV,25,...,...,...,...,...,...,...,17,Spitzer
CD-48 3539,-0.56,386.13,A0,25,...,...,...,...,...,...,...,17,Spitzer
CD-48 3540,-0.16,387.52,...,25,...,...,...,...,...,...,...,17,Spitzer
CD-48 3541,...,388.18,...,25,...,...,...,...,...,...,...,17,Spitzer
CD-48 3563,-0.47,395.13,...,25,...,...,...,...,...,...,...,17,Spitzer
CD-48 3575,-0.49,383.94,...,30,97,2.50E-04,...,...,...,...,2.50E-04,1,Spitzer
CD-48 3578,-0.46,388.97,...,25,...,...,...,...,...,...,...,17,Spitzer
CD-49 3371,-0.59,379.36,...,25,...,...,...,...,...,...,...,17,Spitzer
CD-49 3390,-1.07,590.01,...,30,45,2.50E-01,...,...,...,...,2.50E-01,1,Spitzer
CD-49 3972,-0.41,138.35,F5,...,210,7.24E-04,...,...,...,...,7.24E-04,11,WISE
CD-54 5780,-0.41,116.29,K1V,...,240,1.48E-03,...,...,...,...,1.48E-03,11,WISE
CD-54 7336,-0.64,67.61,K1V,...,122,2.20E-04,...,...,...,...,2.20E-04,15,Herschel
CD-57 4849,-0.38,128.97,...,...,250,4.09E-04,...,...,...,...,4.09E-04,11,WISE
CD-60 1960,-1.11,405.81,A0V,150,...,...,...,...,...,...,...,17,Spitzer
CD-60 1979,...,405.07,A3V,150,...,...,...,...,...,...,...,17,Spitzer
CD-60 2007,-0.32,406.19,...,150,204,7.60E-05,...,...,...,...,7.60E-05,1,Spitzer
CD-60 2021,-0.8,408.98,...,150,...,...,...,...,...,...,...,17,Spitzer
CD-61 3770,...,563.38,K2,...,240,9.50E-04,...,...,...,...,9.50E-04,11,WISE
CD-62 668,0.03,82.65,...,...,190,8.68E-04,...,...,...,...,8.68E-04,11,WISE
CD-75 392,-0.42,102.55,G9V,...,...,6.90E-04,...,...,...,...,6.90E-04,4,ISO
CD-76 483,-0.86,184.08,A9V,...,170,1.06E-03,...,...,...,...,1.06E-03,11,WISE
CPD-35 525,0.09,78.13,...,...,250,7.45E-04,...,...,...,...,7.45E-04,11,WISE
CPD-48 1496,-0.54,383.16,...,30,137,2.60E-04,...,...,...,...,2.60E-04,1,Spitzer
CPD-60 956,-0.29,398.85,...,150,...,...,...,...,...,...,...,17,Spitzer
CPD-60 986,...,417.14,...,150,146,6.20E-05,...,...,...,...,6.20E-05,1,Spitzer
G 221-24,...,19.11,M2V,...,...,...,...,...,...,...,...,8,Spitzer
HD10476,-0.31,7.64,K1V,11270,...,...,...,...,...,...,...,21,Spitzer
HD196885$^{p}$,-0.27,34,F8V,...,24,2.80E-06,...,...,...,...,2.80E-06,58,Herschel
HD202444,...,20.34,F2IV,...,294,1.80E-05,...,...,...,...,1.80E-05,58,Herschel
HD21242,...,50.55,K0IV,...,527,6.20E-04,...,...,...,...,6.20E-04,58,Herschel
HD282954,-0.37,135.01,...,115,...,...,252,1.40E-04,54,3.50E-04,4.90E-04,1,Spitzer
HD284135,...,...,G3V,7,500,1.90E-04,...,...,...,...,1.90E-04,1,Spitzer
HIP 17020,-0.29,139.66,...,115,...,1.70E-05,...,...,...,...,1.70E-05,6,Spitzer
IRAS 16051-3820,0.04,153.42,K2,...,90,1.31E-01,...,...,...,...,1.31E-01,11,WISE
LSPM J2015+4803,-0.05,66.4,...,...,235,2.50E-05,...,...,...,...,2.50E-05,11,WISE
Ross 128$^{p}$,-0.2,3.37,M4,...,...,...,...,...,...,...,...,21,Spitzer
RX J2115.4+4437,-0.13,329.12,K0IV,...,250,6.86E-04,...,...,...,...,6.86E-04,11,WISE
Sz 4,...,...,M4V,...,...,2.40E-02,...,...,...,...,2.40E-02,4,ISO
TYC 1112-317-1,-0.19,82.29,...,...,245,1.09E-03,...,...,...,...,1.09E-03,11,WISE
TYC 1113-1057-1,...,241.96,...,...,250,8.39E-04,...,...,...,...,8.39E-04,11,WISE
TYC 1531-383-1,-0.27,59.03,...,...,500,4.00E-04,...,...,...,...,4.00E-04,1,Spitzer
TYC 2278-834-1,-0.43,366.85,...,...,260,6.19E-04,...,...,...,...,6.19E-04,11,WISE
TYC 2666-851-1,0.39,485.6,...,...,484,1.95E-03,...,...,...,...,1.95E-03,2,WISE
TYC 2678-2088-1,-0.17,321.26,K0V,...,195,5.20E-05,...,...,...,...,5.20E-05,11,WISE
TYC 2679-1864-1,...,69.03,...,...,200,2.95E-04,...,...,...,...,2.95E-04,11,WISE
TYC 2698-1078-1,...,132.74,...,...,190,1.60E-03,...,...,...,...,1.60E-03,11,WISE
TYC 3531-1441-1,0.14,112.23,...,...,270,8.35E-04,...,...,...,...,8.35E-04,11,WISE
TYC 3593-4938-1,0.42,61.17,...,...,190,1.22E-03,...,...,...,...,1.22E-03,11,WISE
TYC 3706-340-1,-0.31,198.84,...,...,185,7.87E-04,...,...,...,...,7.87E-04,11,WISE
TYC 4209-1322-1,-0.15,274.24,...,275,530,7.00E-02,...,...,...,...,7.00E-02,3,WISE
TYC 4479-3-1,-0.34,162.81,...,5000,400,1.40E-02,...,...,...,...,1.40E-02,3,WISE
TYC 4515-485-1,-0.3,280.59,...,150,500,1.50E-02,...,...,...,...,1.50E-02,3,WISE
TYC 5103-27-1,-0.3,309.8,...,...,195,5.60E-05,...,...,...,...,5.60E-05,11,WISE
TYC 5549-1004-1,-0.19,1341.56,...,...,240,1.18E-03,...,...,...,...,1.18E-03,11,WISE
TYC 5940-1510-1,-0.09,264.3,...,120,420,3.70E-02,...,...,...,...,3.70E-02,3,WISE
TYC 7402-1806-1,0.04,105.99,...,...,500,1.70E-04,...,...,...,...,1.70E-04,1,Spitzer
TYC 8105-370-1,0.08,184.82,...,130,300,5.20E-02,...,...,...,...,5.20E-02,3,WISE
TYC 8327-1661-1,0.01,247.67,...,...,190,1.83E-03,...,...,...,...,1.83E-03,11,WISE
TYC 8653-1256-1,...,889.52,...,...,280,1.38E-03,...,...,...,...,1.38E-03,11,WISE
TYC 8830-410-1,0.35,158.61,...,...,425,1.90E-02,...,...,...,...,1.90E-02,11,WISE
TYC 8850-1468-1,-0.24,1225.34,...,...,185,1.53E-03,...,...,...,...,1.53E-03,11,WISE
TYC 8962-532-1,-0.61,303.03,...,...,260,1.25E-03,...,...,...,...,1.25E-03,11,WISE
TYC 8981-4034-1,...,836.4,...,...,230,3.58E-03,...,...,...,...,3.58E-03,11,WISE
TYC 8991-3324-1,...,921.57,...,...,205,1.57E-03,...,...,...,...,1.57E-03,11,WISE
TYC 9385-93-1,...,394.52,...,...,255,6.44E-04,...,...,...,...,6.44E-04,11,WISE
V* CE Ant$^{gr}$,...,34.1,M2V,10,...,2.00E-03,...,...,...,...,2.00E-03,16,Spitzer
V* EK Cha,0.13,98.5,...,...,140,8.76E-02,...,...,...,...,8.76E-02,11,WISE
V* HP Cha A,-0.59,187.33,K6,...,...,4.12E-01,...,...,...,...,4.12E-01,4,ISO
V* SZ Cha,...,190.21,K0,...,...,9.10E-02,...,...,...,...,9.10E-02,4,ISO
V* TW Cha,-4.08,183.12,K8V,...,...,4.80E-02,...,...,...,...,4.80E-02,4,ISO
V* UZ Cha,-1.58,193.87,K8V,...,...,3.20E-02,...,...,...,...,3.20E-02,4,ISO
V* V1249 Cen$^{r}$,...,53.6,M0.5,13,...,...,...,...,...,...,...,54,WISE
V* V416 Car,-0.53,410.04,A3V,150,...,...,...,...,...,...,...,17,Spitzer
V* V417 Car,...,439.68,A6V,150,...,...,...,...,...,...,...,17,Spitzer
V* V471 Tau,-0.06,47.59,K2V,...,69,1.40E-04,...,...,...,...,1.40E-04,58,Herschel
V* V816 Tau,-0.46,136.08,K0V,...,...,9.34E-03,...,...,...,...,9.34E-03,4,ISO
V* V963 Tau,0.04,132.89,G5V,115,...,1.30E-05,...,...,...,...,1.30E-05,6,Spitzer
V* WX Cha,...,190.55,M1,...,...,2.24E-01,...,...,...,...,2.24E-01,4,ISO
V* WY Cha,-1.75,174.5,K8V,...,...,7.20E-02,...,...,...,...,7.20E-02,4,ISO
V* XX Cha,-1.18,192.09,M3V,...,...,5.50E-02,...,...,...,...,5.50E-02,4,ISO